name,number_of_GFP_kernels,number_of_WT_kernels,cross_type,allele,year,Fiji_or_Earvision,TotalK,TransmissionRate
X415-3x402,106,105,Ear,R01G01,2018,E,211,50.20%
X415-1x402,120,102,Ear,R01G01,2018,E,222,54.10%
X415L-1x402,135,130,Ear,R01G01,2018,E,265,50.90%
X402x415-4m3,147,142,Pollen,R01G01,2018,E,289,50.90%
X403x415-3m1,158,160,Pollen,R01G01,2018,E,318,49.70%
X401x415-1m1,155,167,Pollen,R01G01,2018,E,322,48.10%
X400x415L-1m1,148,177,Pollen,R01G01,2018,E,325,45.50%
Y26-3x1,164,167,Ear,R01G01,2019,E,331,49.50%
Y2x26-2,166,165,Pollen,R01G01,2019,E,331,50.20%
Y26-1x1,180,173,Ear,R01G01,2019,E,353,51.00%
X403x415-4m1,193,197,Pollen,R01G01,2018,E,390,49.50%
Y2x26-5,222,170,Pollen,R01G01,2019,E,392,56.60%
Y2x26-4,224,176,Pollen,R01G01,2019,E,400,56.00%
X402x415-4m2,195,223,Pollen,R01G01,2018,E,418,46.70%
Y26-5x1,210,226,Ear,R01G01,2019,E,436,48.20%
Y2x26-1,216,241,Pollen,R01G01,2019,E,457,47.30%
Y26-2x1,248,240,Ear,R01G01,2019,E,488,50.80%
Y2x26-3,215,273,Pollen,R01G01,2019,E,488,44.10%
Y26-4x1,256,258,Ear,R01G01,2019,E,514,49.80%
X417-2x402,108,81,Ear,R02D02,2018,E,189,57.10%
X417L-1x402,96,108,Ear,R02D02,2018,E,204,47.10%
X402x417-2m3,105,104,Pollen,R02D02,2018,E,209,50.20%
X401x417-2m1,121,122,Pollen,R02D02,2018,E,243,49.80%
X417-3x402,136,121,Ear,R02D02,2018,E,257,52.90%
Y2x18-1,139,140,Pollen,R02D02,2019,E,279,49.80%
X402x417-2m2,141,148,Pollen,R02D02,2018,E,289,48.80%
X400x417-3m1,163,162,Pollen,R02D02,2018,E,325,50.20%
Y18-1x1,193,193,Ear,R02D02,2019,E,386,50.00%
Y2x18-2,196,202,Pollen,R02D02,2019,E,398,49.20%
Y18-4x1,241,233,Ear,R02D02,2019,E,474,50.80%
Y18-5x1,250,224,Ear,R02D02,2019,E,474,52.70%
Y18-3x1,254,237,Ear,R02D02,2019,E,491,51.70%
Y2x18-4,249,242,Pollen,R02D02,2019,E,491,50.70%
Y2x18-5,235,258,Pollen,R02D02,2019,E,493,47.70%
Y18-2x1,267,242,Ear,R02D02,2019,E,509,52.50%
Y2x18-3,245,275,Pollen,R02D02,2019,E,520,47.10%
Y2x274-2m6,47,48,Pollen,R04A02,2019,F,95,49.50%
X418-2x402,74,59,Ear,R04A02,2018,E,133,55.60%
Y2x274-1m2,86,104,Pollen,R04A02,2019,F,190,45.30%
X418-1x402,118,104,Ear,R04A02,2018,E,222,53.20%
X401x418-3m1,108,120,Pollen,R04A02,2018,E,228,47.40%
A14-5x102,108,131,Ear,R04A02,2021,E,239,45.20%
X418-3x402,136,116,Ear,R04A02,2018,E,252,54.00%
Y2x274-4m2,111,148,Pollen,R04A02,2019,E,259,42.90%
B2x561-2,149,128,Pollen,R04A02,2022,E,277,53.80%
A14-1x102,152,128,Ear,R04A02,2021,E,280,54.30%
A14-3x102,136,145,Ear,R04A02,2021,E,281,48.40%
A102x14-4,135,166,Pollen,R04A02,2021,E,301,44.90%
Y2x23-2,125,187,Pollen,R04A02,2019,F,312,40.10%
A102x14-3,145,186,Pollen,R04A02,2021,E,331,43.80%
Y2x274-2m2,150,183,Pollen,R04A02,2019,F,333,45.00%
A102x14-5,136,236,Pollen,R04A02,2021,E,372,36.60%
A14-4x102,208,172,Ear,R04A02,2021,E,380,54.70%
X400x418-2m1,178,207,Pollen,R04A02,2018,E,385,46.20%
Y1x274-1m1,174,212,Pollen,R04A02,2019,E,386,45.10%
Y2x274-5m2,184,209,Pollen,R04A02,2019,E,393,46.80%
Y2x274-1m1,194,204,Pollen,R04A02,2019,F,398,48.70%
X402x418-1m1,159,245,Pollen,R04A02,2018,E,404,39.40%
Y2x23-3,194,221,Pollen,R04A02,2019,F,415,46.70%
Y2x274-2m1,174,269,Pollen,R04A02,2019,F,443,39.30%
Y2x23-1,220,233,Pollen,R04A02,2019,E,453,48.60%
Y23-3x1,238,218,Ear,R04A02,2019,E,456,52.20%
Y2x23-4,184,280,Pollen,R04A02,2019,E,464,39.70%
Y23-2x1,256,215,Ear,R04A02,2019,E,471,54.40%
Y2x274-4m1,204,286,Pollen,R04A02,2019,F,490,41.60%
X402x418-1m2,234,260,Pollen,R04A02,2018,E,494,47.40%
X402x418-1m3,211,289,Pollen,R04A02,2018,E,500,42.20%
Y23-1x1,282,231,Ear,R04A02,2019,E,513,55.00%
Y2x38-3,89,60,Pollen,R04G10,2019,E,149,59.70%
Y2x38-5,164,157,Pollen,R04G10,2019,E,321,51.10%
Y38-5x1,165,162,Ear,R04G10,2019,E,327,50.50%
X402x486-3m1,183,157,Pollen,R04G10,2018,E,340,53.80%
X403x486-1m2,186,181,Pollen,R04G10,2018,E,367,50.70%
X402x486-2m2,197,185,Pollen,R04G10,2018,E,382,51.60%
X486-3x402,191,209,Ear,R04G10,2018,E,400,47.80%
Y2x38-2,204,207,Pollen,R04G10,2019,E,411,49.60%
X403x486-1m1,212,222,Pollen,R04G10,2018,E,434,48.80%
B775B-2x2,223,215,Ear,R04G10,2022,E,438,50.90%
Y2x38-1,218,243,Pollen,R04G10,2019,E,461,47.30%
Y38-1x1,273,210,Ear,R04G10,2019,E,483,56.50%
Y38-3x1,261,226,Ear,R04G10,2019,E,487,53.60%
X486-1x402,274,240,Ear,R04G10,2018,E,514,53.30%
X402x486-2m3,231,293,Pollen,R04G10,2018,E,524,44.10%
Y38-2x1,278,261,Ear,R04G10,2019,E,539,51.60%
X486-2x402,282,284,Ear,R04G10,2018,E,566,49.80%
X402x486-2m1,291,276,Pollen,R04G10,2018,E,567,51.30%
Y2x15-1,69,107,Pollen,R06C04,2019,E,176,39.20%
B751-3x2,140,106,Ear,R06C04,2022,E,246,56.90%
A280-2x102,125,145,Ear,R06C04,2021,E,270,46.30%
Y2x15-2,152,129,Pollen,R06C04,2019,E,281,54.10%
Y2x15-4,159,143,Pollen,R06C04,2019,E,302,52.60%
X400x529A-1m2,134,169,Pollen,R06C04,2018,E,303,44.20%
Y15-1x1,158,164,Ear,R06C04,2019,E,322,49.10%
Y2x15-5,174,153,Pollen,R06C04,2019,E,327,53.20%
X400x529A-6m1,168,183,Pollen,R06C04,2018,E,351,47.90%
B2x752-2,186,174,Pollen,R06C04,2022,E,360,51.70%
Y2x231-4,182,179,Pollen,R06C04,2019,E,361,50.40%
A102x281-2,181,192,Pollen,R06C04,2021,F,373,48.50%
Y2x231-1,187,193,Pollen,R06C04,2019,E,380,49.20%
X402x529A-1m4,182,202,Pollen,R06C04,2018,E,384,47.40%
Y231-5x1,194,192,Ear,R06C04,2019,E,386,50.30%
X402x528-5m3,183,205,Pollen,R06C04,2018,E,388,47.20%
Y231-1x1,203,196,Ear,R06C04,2019,E,399,50.90%
X402x528-5m2,210,200,Pollen,R06C04,2018,E,410,51.20%
X401x528-5m1,210,223,Pollen,R06C04,2018,E,433,48.50%
X401x528-2m1,197,245,Pollen,R06C04,2018,E,442,44.60%
Y2x231-5,244,204,Pollen,R06C04,2019,E,448,54.50%
X402x528-5m4,214,237,Pollen,R06C04,2018,E,451,47.50%
Y1x231-2,228,225,Pollen,R06C04,2019,F,453,50.30%
Y15-5x1,253,272,Ear,R06C04,2019,F,525,48.20%
X403x529A-2m1,240,243,Pollen,R06C04,2018,E,483,49.70%
Y15-2x1,310,300,Ear,R06C04,2019,F,610,50.80%
Y231-2x1,264,246,Ear,R06C04,2019,E,510,51.80%
Y15-4x1,296,284,Ear,R06C04,2019,F,580,51.00%
Y231-4x1,265,251,Ear,R06C04,2019,E,516,51.40%
X402x529A-1m1,312,334,Pollen,R06C04,2018,E,646,48.30%
X420-3x402,67,83,Ear,R08A07,2018,E,150,44.70%
X420-4x402,105,95,Ear,R08A07,2018,E,200,52.50%
Y2x70-5,129,158,Pollen,R08A07,2019,E,287,44.90%
Y2x70-6,191,153,Pollen,R08A07,2019,E,344,55.50%
Y2x70-2,167,183,Pollen,R08A07,2019,E,350,47.70%
Y2x70-1,208,170,Pollen,R08A07,2019,E,378,55.00%
X401x420-4m1,189,203,Pollen,R08A07,2018,E,392,48.20%
X401x420-3m1,200,247,Pollen,R08A07,2018,E,447,44.70%
Y70-3x1,238,224,Ear,R08A07,2019,E,462,51.50%
Y70-2x1,241,233,Ear,R08A07,2019,E,474,50.80%
Y2x70-3,268,206,Pollen,R08A07,2019,E,474,56.50%
Y70-1x1,232,256,Ear,R08A07,2019,E,488,47.50%
X401x420-1m1,249,283,Pollen,R08A07,2018,E,532,46.80%
X401x421-1m2,116,94,Pollen,R101B03,2018,E,210,55.20%
X421-5x402,113,124,Ear,R101B03,2018,E,237,47.70%
X421-4x402,126,137,Ear,R101B03,2018,E,263,47.90%
Y2x34-1,155,176,Pollen,R101B03,2019,E,331,46.80%
X421-1x402,158,189,Ear,R101B03,2018,E,347,45.50%
Y2x34-6,175,178,Pollen,R101B03,2019,E,353,49.60%
X402x421-5m2,182,177,Pollen,R101B03,2018,E,359,50.70%
X402x421-5m3,194,169,Pollen,R101B03,2018,E,363,53.40%
Y2x34-3,166,198,Pollen,R101B03,2019,E,364,45.60%
Y2x34-2,189,182,Pollen,R101B03,2019,E,371,50.90%
X402x421-5m1,197,202,Pollen,R101B03,2018,E,399,49.40%
X402x421-4m1,171,257,Pollen,R101B03,2018,E,428,40.00%
Y34-6x1,220,235,Ear,R101B03,2019,E,455,48.40%
Y34-1x1,252,227,Ear,R101B03,2019,E,479,52.60%
Y34-3x1,249,249,Ear,R101B03,2019,E,498,50.00%
Y34-5x1,257,250,Ear,R101B03,2019,E,507,50.70%
Y34-2x1,242,274,Ear,R101B03,2019,E,516,46.90%
X402x422-2m1,63,50,Pollen,R102H01,2018,E,113,55.80%
Y2x270-3_m2,68,45,Pollen,R102H01,2019,F,113,60.20%
X422-2x402,93,96,Ear,R102H01,2018,E,189,49.20%
Z2x296A-2,66,148,Pollen,R102H01,2020,F,214,30.80%
Y2x270-3m4,124,98,Pollen,R102H01,2019,E,222,55.90%
X402x422-2m3,97,138,Pollen,R102H01,2018,E,235,41.30%
B2x562-2_m1,110,153,Pollen,R102H01,2022,E,263,41.80%
Z2x296A-6,129,143,Pollen,R102H01,2020,E,272,47.40%
Y1x270-5m2,143,148,Pollen,R102H01,2019,E,291,49.10%
A102x15-4,118,188,Pollen,R102H01,2021,E,306,38.60%
X400x422-1m1,161,150,Pollen,R102H01,2018,E,311,51.80%
X401x422-4m1,119,192,Pollen,R102H01,2018,E,311,38.30%
A102x15-3_m2,141,177,Pollen,R102H01,2021,E,318,44.30%
B2x562-2,185,148,Pollen,R102H01,2022,E,333,55.60%
Z88-3x1,175,159,Ear,R102H01,2020,E,334,52.40%
B2x562-1_m1,144,192,Pollen,R102H01,2022,E,336,42.90%
Y24-4x1,162,177,Ear,R102H01,2019,E,339,47.80%
A102x15-2,152,192,Pollen,R102H01,2021,E,344,44.20%
A102x15-5,124,228,Pollen,R102H01,2021,E,352,35.20%
A15-4x102,190,163,Ear,R102H01,2021,E,353,53.80%
Z88-1x1,181,173,Ear,R102H01,2020,E,354,51.10%
A102x15-1,125,229,Pollen,R102H01,2021,E,354,35.30%
Z2x88-1,128,228,Pollen,R102H01,2020,E,356,36.00%
X422-1x402,186,174,Ear,R102H01,2018,E,360,51.70%
Y2x24-3,139,226,Pollen,R102H01,2019,E,365,38.10%
Z2x88-3,188,177,Pollen,R102H01,2020,E,365,51.50%
X422-4x402,184,196,Ear,R102H01,2018,E,380,48.40%
B2x562-4,124,257,Pollen,R102H01,2022,E,381,32.50%
B562-4x2,178,210,Ear,R102H01,2022,E,388,45.90%
Y2x24-2,175,213,Pollen,R102H01,2019,E,388,45.10%
A102x15-3_m1,142,246,Pollen,R102H01,2021,E,388,36.60%
X402x422-4m2,185,217,Pollen,R102H01,2018,E,402,46.00%
B2x562-1,197,229,Pollen,R102H01,2022,E,426,46.20%
B756-2x2,220,211,Ear,R102H01,2022,E,431,51.00%
Y2x24-4,113,319,Pollen,R102H01,2019,F,432,26.20%
Y270-3x1,234,212,Ear,R102H01,2019,E,446,52.50%
Z88-4x1,243,205,Ear,R102H01,2020,E,448,54.20%
Z2x88-6,187,271,Pollen,R102H01,2020,E,458,40.80%
Z2x296A-9,68,391,Pollen,R102H01,2020,F,459,14.80%
Y2x24-5,180,284,Pollen,R102H01,2019,F,464,38.80%
A15-3x102,245,221,Ear,R102H01,2021,E,466,52.60%
A15-2x102,281,216,Ear,R102H01,2021,E,497,56.50%
B562-1x2,261,239,Ear,R102H01,2022,E,500,52.20%
Y24-1x1,241,261,Ear,R102H01,2019,F,502,48.00%
Y24-2x1,240,266,Ear,R102H01,2019,E,506,47.40%
Y24-3x1,252,258,Ear,R102H01,2019,E,510,49.40%
Y24-5x1,272,243,Ear,R102H01,2019,E,515,52.80%
B562-2x2,275,271,Ear,R102H01,2022,E,546,50.40%
Z2x88-4,190,398,Pollen,R102H01,2020,F,588,32.30%
X423-2x402,86,83,Ear,R103E04,2018,E,169,50.90%
Y2x86G-1,89,103,Pollen,R103E04,2019,F,192,46.40%
A102x16-3,72,178,Pollen,R103E04,2021,E,250,28.80%
A102x16-1,113,144,Pollen,R103E04,2021,E,257,44.00%
Y2x86G-2,145,130,Pollen,R103E04,2019,F,275,52.70%
A16-1x102,142,142,Ear,R103E04,2021,E,284,50.00%
X401x423-1m1,135,171,Pollen,R103E04,2018,E,306,44.10%
Y2x86-5,164,153,Pollen,R103E04,2019,F,317,51.70%
A16-4x102,162,161,Ear,R103E04,2021,E,323,50.20%
A102x16-8,183,155,Pollen,R103E04,2021,E,338,54.10%
A16-2x102,174,193,Ear,R103E04,2021,E,367,47.40%
A102x16-4,200,177,Pollen,R103E04,2021,E,377,53.10%
A102x16-7,193,214,Pollen,R103E04,2021,E,407,47.40%
A102x16-2,212,212,Pollen,R103E04,2021,E,424,50.00%
Y2x86-3,209,227,Pollen,R103E04,2019,F,436,47.90%
A102x16-5,220,219,Pollen,R103E04,2021,E,439,50.10%
Y2x86-4,249,195,Pollen,R103E04,2019,F,444,56.10%
Y86-2x1,226,229,Ear,R103E04,2019,F,455,49.70%
Y86-3x1_rescan,249,216,Ear,R103E04,2019,E,465,53.50%
Y86-1x1,271,232,Ear,R103E04,2019,E,503,53.90%
X402x423-2m2,247,258,Pollen,R103E04,2018,E,505,48.90%
Y86G-2x1,237,269,Ear,R103E04,2019,F,506,46.80%
Y86G-1x1,260,252,Ear,R103E04,2019,F,512,50.80%
Y86-5x1,257,269,Ear,R103E04,2019,E,526,48.90%
Y2x86-1,268,272,Pollen,R103E04,2019,E,540,49.60%
Y2x86-2,254,306,Pollen,R103E04,2019,F,560,45.40%
X402x423-2m3,307,280,Pollen,R103E04,2018,E,587,52.30%
Y86-4x1,334,320,Ear,R103E04,2019,F,654,51.10%
Y2x89-4,169,201,Pollen,R106E07,2019,F,370,45.70%
Y2x89-6,199,208,Pollen,R106E07,2019,E,407,48.90%
Y89-7x1,227,196,Ear,R106E07,2019,E,423,53.70%
Y89-2x1,245,248,Ear,R106E07,2019,E,493,49.70%
Y2x89-8,239,259,Pollen,R106E07,2019,E,498,48.00%
Y2x89-7,263,243,Pollen,R106E07,2019,E,506,52.00%
Y89-6x1,264,248,Ear,R106E07,2019,E,512,51.60%
Y89-11x1,263,254,Ear,R106E07,2019,E,517,50.90%
Y89-3x1,253,267,Ear,R106E07,2019,E,520,48.70%
Y2x89-2,250,274,Pollen,R106E07,2019,E,524,47.70%
Y2x89-11,247,286,Pollen,R106E07,2019,E,533,46.30%
Y89-4x1,290,249,Ear,R106E07,2019,E,539,53.80%
Y2x89-3,252,289,Pollen,R106E07,2019,E,541,46.60%
Y89-8x1,304,294,Ear,R106E07,2019,E,598,50.80%
X426L-2x402,83,88,Ear,R106F04,2018,E,171,48.50%
X400x426L-2m2,124,132,Pollen,R106F04,2018,E,256,48.40%
Y37-5x1,135,143,Ear,R106F04,2019,F,278,48.60%
Y2x37-1,134,152,Pollen,R106F04,2019,E,286,46.90%
Y2x37-6,147,142,Pollen,R106F04,2019,E,289,50.90%
X402x426-1m1,157,146,Pollen,R106F04,2018,E,303,51.80%
Y37-3x1,161,145,Ear,R106F04,2019,E,306,52.60%
X426-1x402,157,174,Ear,R106F04,2018,E,331,47.40%
Y2x37-3,162,185,Pollen,R106F04,2019,F,347,46.70%
Y2x37-5,178,224,Pollen,R106F04,2019,F,402,44.30%
X402x426-1m2,200,217,Pollen,R106F04,2018,E,417,48.00%
Y2x37-4,223,206,Pollen,R106F04,2019,E,429,52.00%
X402x426-1m3,214,217,Pollen,R106F04,2018,E,431,49.70%
Y37-4x1,216,231,Ear,R106F04,2019,E,447,48.30%
Y37-6x1,252,207,Ear,R106F04,2019,E,459,54.90%
Y37-1x1,259,274,Ear,R106F04,2019,F,533,48.60%
X402x427-2m3,56,38,Pollen,R106G12,2018,F,94,59.60%
X427L-1x402,134,137,Ear,R106G12,2018,E,271,49.40%
X427-2x402,160,158,Ear,R106G12,2018,E,318,50.30%
X427-3x402,148,179,Ear,R106G12,2018,E,327,45.30%
Y50G-3x1,170,194,Ear,R106G12,2019,E,364,46.70%
Y50G-6x1,213,180,Ear,R106G12,2019,E,393,54.20%
X402x427-2m1,198,198,Pollen,R106G12,2018,E,396,50.00%
Y50G-4x1,193,216,Ear,R106G12,2019,E,409,47.20%
Y50G-1x1,221,198,Ear,R106G12,2019,E,419,52.70%
Y2x50G-3,235,202,Pollen,R106G12,2019,E,437,53.80%
X402x427-3m1,230,221,Pollen,R106G12,2018,E,451,51.00%
Y50G-7x1,227,240,Ear,R106G12,2019,E,467,48.60%
Y50G-5x1,264,215,Ear,R106G12,2019,E,479,55.10%
Y2x50G-6,253,248,Pollen,R106G12,2019,E,501,50.50%
Y50G-2x1,269,249,Ear,R106G12,2019,E,518,51.90%
Y2x50G-2,274,255,Pollen,R106G12,2019,E,529,51.80%
X402x427-2m2,260,274,Pollen,R106G12,2018,E,534,48.70%
B2x540-3,88,85,Pollen,R107C12,2022,E,173,50.90%
X498-4x402,90,112,Ear,R107C12,2018,E,202,44.60%
X498-5x402,149,134,Ear,R107C12,2018,E,283,52.70%
B2x540-4_m2,152,131,Pollen,R107C12,2022,E,283,53.70%
X403x498-5m1,131,174,Pollen,R107C12,2018,E,305,43.00%
B2x540-2,161,159,Pollen,R107C12,2022,E,320,50.30%
X498-3x402,156,171,Ear,R107C12,2018,E,327,47.70%
B540-2x2,167,163,Ear,R107C12,2022,E,330,50.60%
Y88-3x1,157,179,Ear,R107C12,2019,E,336,46.70%
X403x498L-2m3,168,174,Pollen,R107C12,2018,E,342,49.10%
B2x540-4_m1,180,170,Pollen,R107C12,2022,E,350,51.40%
B2x540-1,179,173,Pollen,R107C12,2022,E,352,50.90%
X402x525-1m1,163,208,Pollen,R107C12,2018,E,371,43.90%
X400x498L-2m1,175,198,Pollen,R107C12,2018,E,373,46.90%
X403x498-4m1,191,191,Pollen,R107C12,2018,E,382,50.00%
Y88-4x1,203,181,Ear,R107C12,2019,E,384,52.90%
B2x540-5,177,212,Pollen,R107C12,2022,E,389,45.50%
Y2x88-1,198,198,Pollen,R107C12,2019,E,396,50.00%
X401x525-1m3,209,188,Pollen,R107C12,2018,E,397,52.60%
B540-3x2,202,199,Ear,R107C12,2022,E,401,50.40%
Y88-1x1,200,206,Ear,R107C12,2019,E,406,49.30%
Y2x88-3,213,196,Pollen,R107C12,2019,E,409,52.10%
Y2x88-4,214,215,Pollen,R107C12,2019,E,429,49.90%
X403x498-2m2,232,208,Pollen,R107C12,2018,E,440,52.70%
X403x498-2m3,211,232,Pollen,R107C12,2018,E,443,47.60%
X403x498-3m1,199,245,Pollen,R107C12,2018,E,444,44.80%
X498-2x402,247,199,Ear,R107C12,2018,E,446,55.40%
X403x498L-2m2,232,214,Pollen,R107C12,2018,E,446,52.00%
X498L-2x403,267,220,Ear,R107C12,2018,E,487,54.80%
X402x498-2m1,245,260,Pollen,R107C12,2018,E,505,48.50%
B540-1x2,282,245,Ear,R107C12,2022,E,527,53.50%
X402x525-1m2,289,297,Pollen,R107C12,2018,E,586,49.30%
X429-1x402,60,72,Ear,R12H07,2018,E,132,45.50%
X429-2x402,72,77,Ear,R12H07,2018,E,149,48.30%
Y2x59-2,106,73,Pollen,R12H07,2019,E,179,59.20%
X429L-1x402,157,136,Ear,R12H07,2018,E,293,53.60%
X400x429L-1m1,160,160,Pollen,R12H07,2018,E,320,50.00%
X402x429-2m1,155,179,Pollen,R12H07,2018,E,334,46.40%
Y59-4x1,174,191,Ear,R12H07,2019,E,365,47.70%
X402x429-2m3,180,193,Pollen,R12H07,2018,E,373,48.30%
X400x429-1m1,191,197,Pollen,R12H07,2018,E,388,49.20%
Y2x59-4,214,237,Pollen,R12H07,2019,E,451,47.50%
Y59-2x1,231,235,Ear,R12H07,2019,E,466,49.60%
X402x429-2m2,255,232,Pollen,R12H07,2018,E,487,52.40%
X432-5x402,65,47,Ear,R23D05,2018,E,112,58.00%
X432-2x402,74,76,Ear,R23D05,2018,E,150,49.30%
X432L-3x402,84,106,Ear,R23D05,2018,E,190,44.20%
X432-1x402,96,119,Ear,R23D05,2018,E,215,44.70%
Y2x20-3,108,115,Pollen,R23D05,2019,E,223,48.40%
X402x432-2m2,179,146,Pollen,R23D05,2018,E,325,55.10%
X402x432-1m1,183,173,Pollen,R23D05,2018,E,356,51.40%
Y20-2x1,198,181,Ear,R23D05,2019,E,379,52.20%
Y2x20-4,178,204,Pollen,R23D05,2019,E,382,46.60%
Y20-4x1,183,213,Ear,R23D05,2019,E,396,46.20%
X401x432-2m1,203,193,Pollen,R23D05,2018,E,396,51.30%
Y2x20-5_,206,200,Pollen,R23D05,2019,E,406,50.70%
Y2x20-6_,207,210,Pollen,R23D05,2019,E,417,49.60%
X402x432-2m3,212,209,Pollen,R23D05,2018,E,421,50.40%
Y2x20-2,205,223,Pollen,R23D05,2019,E,428,47.90%
Y20-5x1,252,186,Ear,R23D05,2019,E,438,57.50%
Y20-3x1,241,221,Ear,R23D05,2019,E,462,52.20%
X401x432L-3m1,241,232,Pollen,R23D05,2018,E,473,51.00%
X403x432-5m1,259,269,Pollen,R23D05,2018,E,528,49.10%
B777B-3x2,46,34,Ear,R24D03,2022,F,80,57.50%
Y2x49-3,85,93,Pollen,R24D03,2019,E,178,47.80%
Y2x49-1,114,66,Pollen,R24D03,2019,E,180,63.30%
X403x433-5m1,113,88,Pollen,R24D03,2018,E,201,56.20%
X433-3x402,104,113,Ear,R24D03,2018,E,217,47.90%
X433-5x402,130,108,Ear,R24D03,2018,E,238,54.60%
X403x433L-2m1,112,132,Pollen,R24D03,2018,E,244,45.90%
Y2x49G-1,125,127,Pollen,R24D03,2019,E,252,49.60%
B777A-2x2,183,153,Ear,R24D03,2022,E,336,54.50%
Y2x49-4,190,151,Pollen,R24D03,2019,E,341,55.70%
X402x433L-2m2,167,183,Pollen,R24D03,2018,E,350,47.70%
Y49G-2x1,188,181,Ear,R24D03,2019,E,369,50.90%
Y49G-1x1,183,193,Ear,R24D03,2019,E,376,48.70%
X433-2x402,230,180,Ear,R24D03,2018,E,410,56.10%
Y49-3x1,218,196,Ear,R24D03,2019,E,414,52.70%
Y49-1x1,238,203,Ear,R24D03,2019,E,441,54.00%
Y49-4x1,262,219,Ear,R24D03,2019,E,481,54.50%
Y2x49G-2,227,261,Pollen,R24D03,2019,E,488,46.50%
Y49-_5x1,273,223,Ear,R24D03,2019,E,496,55.00%
X403x433-3m1,262,252,Pollen,R24D03,2018,E,514,51.00%
X434-1x402,44,39,Ear,R26G07,2018,F,83,53.00%
X434L-1x402,92,75,Ear,R26G07,2018,E,167,55.10%
Y2x67-1,129,122,Pollen,R26G07,2019,E,251,51.40%
X434-3x402,129,159,Ear,R26G07,2018,E,288,44.80%
X400x434L-1m1,124,166,Pollen,R26G07,2018,E,290,42.80%
X401x434-3m1,156,146,Pollen,R26G07,2018,E,302,51.70%
Y2x66-3,168,154,Pollen,R26G07,2019,E,322,52.20%
Y2x66-10,177,154,Pollen,R26G07,2019,E,331,53.50%
Y2x67-5,189,182,Pollen,R26G07,2019,E,371,50.90%
Y2x66-2,197,176,Pollen,R26G07,2019,E,373,52.80%
Y2x67G-1,180,207,Pollen,R26G07,2019,E,387,46.50%
Y66-9x1,195,200,Ear,R26G07,2019,E,395,49.40%
Y66-10x1,199,206,Ear,R26G07,2019,E,405,49.10%
Y67G-1x1,217,192,Ear,R26G07,2019,E,409,53.10%
Y67-1x1,210,207,Ear,R26G07,2019,E,417,50.40%
Y2x66-7,208,228,Pollen,R26G07,2019,E,436,47.70%
Y2x67-4,210,231,Pollen,R26G07,2019,E,441,47.60%
Y2x66-6,226,221,Pollen,R26G07,2019,E,447,50.60%
Y66-3x1,246,205,Ear,R26G07,2019,E,451,54.50%
Y2x67G-2,238,219,Pollen,R26G07,2019,E,457,52.10%
Y66-7x1,217,244,Ear,R26G07,2019,E,461,47.10%
Y66-6x1,234,232,Ear,R26G07,2019,E,466,50.20%
Y2x66-9,234,247,Pollen,R26G07,2019,E,481,48.60%
X402x434-1m1,287,224,Pollen,R26G07,2018,E,511,56.20%
Y66-2x1,266,260,Ear,R26G07,2019,E,526,50.60%
Y67G-2x1,280,265,Ear,R26G07,2019,E,545,51.40%
X435L-2x402,124,141,Ear,R27E01,2018,E,265,46.80%
X403x435-1m1,151,141,Pollen,R27E01,2018,E,292,51.70%
Y2x32-3,137,156,Pollen,R27E01,2019,E,293,46.80%
Y2x32-5,135,159,Pollen,R27E01,2019,E,294,45.90%
Y2x32-6,153,143,Pollen,R27E01,2019,E,296,51.70%
Y2x32-2,160,149,Pollen,R27E01,2019,E,309,51.80%
Y2x33-1,196,157,Pollen,R27E01,2019,E,353,55.50%
Y32-1x1,203,178,Ear,R27E01,2019,E,381,53.30%
X402x435L-2m2,207,176,Pollen,R27E01,2018,E,383,54.00%
X435-5x402,212,198,Ear,R27E01,2018,E,410,51.70%
X401x435-5m1,201,223,Pollen,R27E01,2018,E,424,47.40%
Y32-2x1,212,234,Ear,R27E01,2019,E,446,47.50%
X435-1x402,247,206,Ear,R27E01,2018,E,453,54.50%
Y32-6x1,234,219,Ear,R27E01,2019,E,453,51.70%
Y32-3x1,252,211,Ear,R27E01,2019,E,463,54.40%
Y32-5x1,228,251,Ear,R27E01,2019,E,479,47.60%
Y2x32-1,245,250,Pollen,R27E01,2019,E,495,49.50%
X402x435L-2m3,239,278,Pollen,R27E01,2018,E,517,46.20%
Y33-1x1,344,282,Ear,R27E01,2019,E,626,55.00%
X437-3x402,84,67,Ear,R31B01,2018,E,151,55.60%
X402x437-1m3,85,90,Pollen,R31B01,2018,E,175,48.60%
X402x437-1m1,98,90,Pollen,R31B01,2018,E,188,52.10%
X437-1x402,112,115,Ear,R31B01,2018,E,227,49.30%
Y2x40-1,176,155,Pollen,R31B01,2019,E,331,53.20%
Y2x40-5,157,210,Pollen,R31B01,2019,E,367,42.80%
Y2x40-2,190,189,Pollen,R31B01,2019,E,379,50.10%
X402x437-1m2,183,203,Pollen,R31B01,2018,E,386,47.40%
X401x437-3m1,184,206,Pollen,R31B01,2018,E,390,47.20%
X437-2x402,195,211,Ear,R31B01,2018,E,406,48.00%
Y2x40-3,190,218,Pollen,R31B01,2019,E,408,46.60%
Y40-3x1,215,199,Ear,R31B01,2019,E,414,51.90%
Y40-1x1,216,236,Ear,R31B01,2019,E,452,47.80%
Y40-5x1,264,217,Ear,R31B01,2019,E,481,54.90%
Y40-2x1,249,247,Ear,R31B01,2019,E,496,50.20%
X439-1x402,107,94,Ear,R31H05,2018,E,201,53.20%
Y2x62-3,126,126,Pollen,R31H05,2019,E,252,50.00%
X439-3x402,167,148,Ear,R31H05,2018,E,315,53.00%
X402x439-1m3,156,167,Pollen,R31H05,2018,E,323,48.30%
X402x439-4m1,168,178,Pollen,R31H05,2018,E,346,48.60%
X402x439-1m2,193,156,Pollen,R31H05,2018,E,349,55.30%
X403x439-3m1,202,189,Pollen,R31H05,2018,E,391,51.70%
Y2x62-2,202,193,Pollen,R31H05,2019,E,395,51.10%
Y2x62-1,208,196,Pollen,R31H05,2019,E,404,51.50%
Y62-3x1,209,235,Ear,R31H05,2019,E,444,47.10%
X401x439-2m1,213,234,Pollen,R31H05,2018,E,447,47.70%
X401x439-1m1,223,235,Pollen,R31H05,2018,E,458,48.70%
Y62-2x1,249,214,Ear,R31H05,2019,E,463,53.80%
Y62-1x1,253,231,Ear,R31H05,2019,E,484,52.30%
Y17-5x1,149,162,Ear,R32B05,2019,E,311,47.90%
X401x524-1m3,172,166,Pollen,R32B05,2018,E,338,50.90%
X402x524-1m2,140,198,Pollen,R32B05,2018,E,338,41.40%
X402x487A-1m2,175,183,Pollen,R32B05,2018,E,358,48.90%
Y2x17-1,197,191,Pollen,R32B05,2019,E,388,50.80%
X402x487B-2m1,169,224,Pollen,R32B05,2018,E,393,43.00%
X402x487A-1m1,206,195,Pollen,R32B05,2018,E,401,51.40%
X487A-1x402,200,203,Ear,R32B05,2018,E,403,49.60%
Y2x17-2,219,205,Pollen,R32B05,2019,E,424,51.70%
Y2x17-4,204,226,Pollen,R32B05,2019,E,430,47.40%
Y17-4x1,226,215,Ear,R32B05,2019,E,441,51.20%
Y17-2x1,217,229,Ear,R32B05,2019,E,446,48.70%
Y2x17-3,238,247,Pollen,R32B05,2019,E,485,49.10%
Y17-1x1,260,226,Ear,R32B05,2019,E,486,53.50%
X402x524-1m1,238,258,Pollen,R32B05,2018,E,496,48.00%
Y17-3x1,256,262,Ear,R32B05,2019,E,518,49.40%
Y2x54-1,52,52,Pollen,R33F03,2019,E,104,50.00%
Y54-3x1,67,67,Ear,R33F03,2019,F,134,50.00%
X440L-2x402,121,111,Ear,R33F03,2018,E,232,52.20%
X440-1x402,120,118,Ear,R33F03,2018,E,238,50.40%
B2x563-4,118,133,Pollen,R33F03,2022,E,251,47.00%
A17-2x102,134,125,Ear,R33F03,2021,E,259,51.70%
X400X440L-2m1,120,149,Pollen,R33F03,2018,E,269,44.60%
X401x440-3m1,124,166,Pollen,R33F03,2018,E,290,42.80%
Y2x54-5,146,147,Pollen,R33F03,2019,E,293,49.80%
B2x563-2_m2,124,169,Pollen,R33F03,2022,E,293,42.30%
B2x563-3,124,172,Pollen,R33F03,2022,E,296,41.90%
A17-6x102,158,159,Ear,R33F03,2021,E,317,49.80%
Y54-6x1,143,175,Ear,R33F03,2019,E,318,45.00%
B2x563-1,155,178,Pollen,R33F03,2022,E,333,46.50%
B2x563-1_m1,155,178,Pollen,R33F03,2022,E,333,46.50%
Y2x54-2,162,179,Pollen,R33F03,2019,E,341,47.50%
Y2x54-4,144,202,Pollen,R33F03,2019,E,346,41.60%
A102x17-2,161,199,Pollen,R33F03,2021,E,360,44.70%
B2x563-1_m2,176,184,Pollen,R33F03,2022,E,360,48.90%
A102x17-6,184,185,Pollen,R33F03,2021,E,369,49.90%
X402x440-1m3,166,205,Pollen,R33F03,2018,E,371,44.70%
A102x17-1,186,195,Pollen,R33F03,2021,E,381,48.80%
B2x563-2_m1,148,240,Pollen,R33F03,2022,E,388,38.10%
Y2x54-6,178,243,Pollen,R33F03,2019,E,421,42.30%
Y54-1x1,213,213,Ear,R33F03,2019,E,426,50.00%
X402x440-1m1,201,247,Pollen,R33F03,2018,E,448,44.90%
X401x440-2m1,192,262,Pollen,R33F03,2018,E,454,42.30%
B563-2x2,242,218,Ear,R33F03,2022,E,460,52.60%
Y85-4x1,98,101,Ear,R34C11,2019,F,199,49.20%
B778B-2x2,105,100,Ear,R34C11,2022,E,205,51.20%
X488-2x402,132,125,Ear,R34C11,2018,E,257,51.40%
B778A-5x2,129,130,Ear,R34C11,2022,E,259,49.80%
Y2x85-4,167,194,Pollen,R34C11,2019,F,361,46.30%
B778A-1x2,174,189,Ear,R34C11,2022,E,363,47.90%
Y2x85-5,171,203,Pollen,R34C11,2019,E,374,45.70%
Y2x85-6,173,212,Pollen,R34C11,2019,E,385,44.90%
Y85-6x1,209,187,Ear,R34C11,2019,E,396,52.80%
Y2x85-1,194,203,Pollen,R34C11,2019,E,397,48.90%
X403x488-3m3,209,199,Pollen,R34C11,2018,E,408,51.20%
X401x488-1m1,245,248,Pollen,R34C11,2018,E,493,49.70%
X488-1x402T,259,243,Ear,R34C11,2018,E,502,51.60%
X402x488-3m1,215,295,Pollen,R34C11,2018,E,510,42.20%
Y85-1x1,284,235,Ear,R34C11,2019,E,519,54.70%
Y85-5x1,295,230,Ear,R34C11,2019,E,525,56.20%
X402x488-3m2,283,283,Pollen,R34C11,2018,E,566,50.00%
X402x488-2m1,297,287,Pollen,R34C11,2018,E,584,50.90%
Y2x82-13,146,145,Pollen,R35A08,2019,E,291,50.20%
X442-2x402,135,161,Ear,R35A08,2018,E,296,45.60%
X401x442-2m1,140,160,Pollen,R35A08,2018,E,300,46.70%
Y2x82-12,148,157,Pollen,R35A08,2019,E,305,48.50%
Y82-8x1,185,154,Ear,R35A08,2019,E,339,54.60%
Y2x82-8,178,170,Pollen,R35A08,2019,E,348,51.10%
Y82-13x1,183,195,Ear,R35A08,2019,E,378,48.40%
Y82-12x1,228,187,Ear,R35A08,2019,E,415,54.90%
Y2x83-1,217,207,Pollen,R35A08,2019,E,424,51.20%
X401x442-1m1,199,228,Pollen,R35A08,2018,E,427,46.60%
Y2x82-11,225,209,Pollen,R35A08,2019,E,434,51.80%
X442-1x402,212,226,Ear,R35A08,2018,E,438,48.40%
Y82-11x1,208,233,Ear,R35A08,2019,E,441,47.20%
Y82-7x1,237,227,Ear,R35A08,2019,E,464,51.10%
Y83-5x1,250,233,Ear,R35A08,2019,E,483,51.80%
Y2x83-5,252,249,Pollen,R35A08,2019,E,501,50.30%
Y83-1x1,274,262,Ear,R35A08,2019,E,536,51.10%
Y82-10x1,265,299,Ear,R35A08,2019,E,564,47.00%
Y48A-1x1,176,165,Ear,R37A04,2019,E,341,51.60%
Y2x48A-1,172,175,Pollen,R37A04,2019,E,347,49.60%
Y48A-3x1,192,180,Ear,R37A04,2019,E,372,51.60%
Y2x48-3,186,214,Pollen,R37A04,2019,E,400,46.50%
Y48A-2x1,200,208,Ear,R37A04,2019,E,408,49.00%
Y47-2x1,215,213,Ear,R37A04,2019,E,428,50.20%
Y48A-4x1,214,215,Ear,R37A04,2019,E,429,49.90%
Y2x48A-2,237,193,Pollen,R37A04,2019,E,430,55.10%
Y2x48A-5,234,197,Pollen,R37A04,2019,E,431,54.30%
Y47-4x1,242,218,Ear,R37A04,2019,E,460,52.60%
Y2x47-4,213,260,Pollen,R37A04,2019,E,473,45.00%
Y2x48A-4,239,239,Pollen,R37A04,2019,E,478,50.00%
Y2x47-3,226,261,Pollen,R37A04,2019,E,487,46.40%
Y2x47-2,261,245,Pollen,R37A04,2019,E,506,51.60%
Y47-3x1,260,257,Ear,R37A04,2019,E,517,50.30%
Y48A-5x1,282,244,Ear,R37A04,2019,E,526,53.60%
Y47-1x1,292,298,Ear,R37A04,2019,E,590,49.50%
Y47-5x1,352,298,Ear,R37A04,2019,E,650,54.20%
X445-2x402,152,139,Ear,R41F01,2018,E,291,52.20%
X445-4x402,167,160,Ear,R41F01,2018,E,327,51.10%
X445L-3x402,167,173,Ear,R41F01,2018,E,340,49.10%
X445-1x402,170,171,Ear,R41F01,2018,E,341,49.90%
X400x445L-3m1,170,181,Pollen,R41F01,2018,E,351,48.40%
X401x445-1m1,192,160,Pollen,R41F01,2018,E,352,54.50%
Y2x56-3,165,196,Pollen,R41F01,2019,E,361,45.70%
Y56-2x1,197,185,Ear,R41F01,2019,E,382,51.60%
X402x445-2m2,212,237,Pollen,R41F01,2018,E,449,47.20%
Y2x56-1,224,245,Pollen,R41F01,2019,E,469,47.80%
X403x445-4m1,242,231,Pollen,R41F01,2018,E,473,51.20%
X401x445-2m1,242,255,Pollen,R41F01,2018,F,497,48.70%
Y56-3x1,255,247,Ear,R41F01,2019,E,502,50.80%
X402x445-2m3,251,266,Pollen,R41F01,2018,E,517,48.50%
Y56-4x1,299,277,Ear,R41F01,2019,E,576,51.90%
Y2x81-3m2,69,89,Pollen,R44E07,2019,F,158,43.70%
Y2x81-1,107,103,Pollen,R44E07,2019,E,210,51.00%
X400x446L-2m1,139,136,Pollen,R44E07,2018,E,275,50.50%
Y2x81-4,173,144,Pollen,R44E07,2019,E,317,54.60%
Y81-4x1,171,174,Ear,R44E07,2019,E,345,49.60%
X446L-2x402,197,181,Ear,R44E07,2018,E,378,52.10%
Y2x81-5,184,199,Pollen,R44E07,2019,E,383,48.00%
Y2x81-2,211,217,Pollen,R44E07,2019,E,428,49.30%
Y81-3x1,228,231,Ear,R44E07,2019,E,459,49.70%
Y81-6x1,252,239,Ear,R44E07,2019,E,491,51.30%
Y2x81-3m1,276,274,Pollen,R44E07,2019,E,550,50.20%
Y81-1x1,310,296,Ear,R44E07,2019,E,606,51.20%
Y81-5x1,339,303,Ear,R44E07,2019,E,642,52.80%
X489-4x402,68,69,Ear,R45E04,2018,E,137,49.60%
X403x520L-1m1,158,142,Pollen,R45E04,2018,E,300,52.70%
Y2x75-2,165,155,Pollen,R45E04,2019,E,320,51.60%
X401x520-1m1,171,151,Pollen,R45E04,2018,E,322,53.10%
X400x520L-2m1,174,165,Pollen,R45E04,2018,E,339,51.30%
X402x489-3m1,183,171,Pollen,R45E04,2018,E,354,51.70%
X401x520-2m1,191,202,Pollen,R45E04,2018,E,393,48.60%
X489-3x402,205,227,Ear,R45E04,2018,E,432,47.50%
Y2x75-6,231,230,Pollen,R45E04,2019,E,461,50.10%
Y75-4x1,249,222,Ear,R45E04,2019,E,471,52.90%
X402x489-3m3,241,234,Pollen,R45E04,2018,E,475,50.70%
Y75-2x1,242,234,Ear,R45E04,2019,E,476,50.80%
Y75-1x1,269,214,Ear,R45E04,2019,E,483,55.70%
X402x489-4m1,228,261,Pollen,R45E04,2018,E,489,46.60%
X402x489-3m2,252,239,Pollen,R45E04,2018,E,491,51.30%
Y75-6x1,256,246,Ear,R45E04,2019,E,502,51.00%
Y75-5x1,267,257,Ear,R45E04,2019,E,524,51.00%
X401x489-5m1,277,248,Pollen,R45E04,2018,E,525,52.80%
X447-1x402,129,128,Ear,R46C04,2018,E,257,50.20%
X447-4x402,142,134,Ear,R46C04,2018,E,276,51.40%
Y2x43-5,133,163,Pollen,R46C04,2019,E,296,44.90%
X403x447-3m4,173,146,Pollen,R46C04,2018,E,319,54.20%
X402x447-3m3,165,160,Pollen,R46C04,2018,E,325,50.80%
X447-3x402,178,180,Ear,R46C04,2018,E,358,49.70%
Y43-1x1,223,179,Ear,R46C04,2019,E,402,55.50%
Y43-5x1,214,217,Ear,R46C04,2019,E,431,49.70%
Y43-4x1,235,204,Ear,R46C04,2019,E,439,53.50%
Y2x43-4,237,217,Pollen,R46C04,2019,E,454,52.20%
X402x447-1m1,229,238,Pollen,R46C04,2018,E,467,49.00%
X402x447-3m2,262,230,Pollen,R46C04,2018,E,492,53.30%
Y43-3x1,271,264,Ear,R46C04,2019,E,535,50.70%
X402x447-4m1,279,263,Pollen,R46C04,2018,E,542,51.50%
X402x447-3m1,284,284,Pollen,R46C04,2018,E,568,50.00%
Z2x297A-4,68,53,Pollen,R49F11,2020,E,121,56.20%
X402x490-3m1,88,144,Pollen,R49F11,2018,E,232,37.90%
A19-1x102,130,125,Ear,R49F11,2021,E,255,51.00%
Z1x284-5_m1,129,138,Pollen,R49F11,2020,E,267,48.30%
A102x19-2,121,159,Pollen,R49F11,2021,E,280,43.20%
Y2x69-4,112,169,Pollen,R49F11,2019,E,281,39.90%
A102x19-1,132,163,Pollen,R49F11,2021,E,295,44.70%
Y2x69-1,147,175,Pollen,R49F11,2019,E,322,45.70%
Y2x69-6,144,180,Pollen,R49F11,2019,E,324,44.40%
Z2x297A-1,127,198,Pollen,R49F11,2020,F,325,39.10%
A102x19-7,155,170,Pollen,R49F11,2021,E,325,47.70%
A102x19-5,139,193,Pollen,R49F11,2021,E,332,41.90%
X490-3x402,176,189,Ear,R49F11,2018,E,365,48.20%
X490-1x402,194,181,Ear,R49F11,2018,E,375,51.70%
Y69-3x1,195,194,Ear,R49F11,2019,E,389,50.10%
Y2x271-2m3,189,206,Pollen,R49F11,2019,F,395,47.80%
Y2x69-5,167,233,Pollen,R49F11,2019,E,400,41.80%
Z2x297A-9,188,213,Pollen,R49F11,2020,E,401,46.90%
Z1x284-3_m1,187,236,Pollen,R49F11,2020,E,423,44.20%
Y69-4x1,205,223,Ear,R49F11,2019,E,428,47.90%
X402x490-5m3,193,251,Pollen,R49F11,2018,E,444,43.50%
Z2x297A-5,184,268,Pollen,R49F11,2020,E,452,40.70%
Y69-6x1,233,223,Ear,R49F11,2019,E,456,51.10%
Y2x69-3,231,237,Pollen,R49F11,2019,E,468,49.40%
X490-5x402,237,234,Ear,R49F11,2018,E,471,50.30%
Y69-5x1,252,236,Ear,R49F11,2019,E,488,51.60%
Y69-1x1,281,231,Ear,R49F11,2019,E,512,54.90%
X402x490-5m1,246,271,Pollen,R49F11,2018,E,517,47.60%
X402x490-5m2,210,310,Pollen,R49F11,2018,E,520,40.40%
X401x490-1m1,248,297,Pollen,R49F11,2018,E,545,45.50%
Y2x271-2m1,278,305,Pollen,R49F11,2019,F,583,47.70%
X402x449A-1m3,75,84,Pollen,R52B09,2018,E,159,47.20%
Y2x53-6,104,92,Pollen,R52B09,2019,E,196,53.10%
X402x449A-1m4,114,127,Pollen,R52B09,2018,E,241,47.30%
Y2x53-3,156,130,Pollen,R52B09,2019,E,286,54.50%
X402x449A-1m2,160,142,Pollen,R52B09,2018,E,302,53.00%
X402x449A-1m1,154,173,Pollen,R52B09,2018,E,327,47.10%
Y53-2x1,191,159,Ear,R52B09,2019,E,350,54.60%
A102x20-5,207,153,Pollen,R52B09,2021,E,360,57.50%
A102x20-3,213,149,Pollen,R52B09,2021,E,362,58.80%
A102x20-6,187,175,Pollen,R52B09,2021,E,362,51.70%
Y2x53-4,200,169,Pollen,R52B09,2019,E,369,54.20%
A102x20-7,190,185,Pollen,R52B09,2021,E,375,50.70%
A102x20-4,195,182,Pollen,R52B09,2021,E,377,51.70%
A20x102,192,193,Ear,R52B09,2021,E,385,49.90%
Y53-4x1,180,207,Ear,R52B09,2019,E,387,46.50%
A20-4x102,223,184,Ear,R52B09,2021,E,407,54.80%
Y2x53-2,226,190,Pollen,R52B09,2019,F,416,54.30%
A20-5x102,243,203,Ear,R52B09,2021,E,446,54.50%
Y53-6x1,237,240,Ear,R52B09,2019,E,477,49.70%
Y53-5x1,271,250,Ear,R52B09,2019,E,521,52.00%
Y53-3x1,276,282,Ear,R52B09,2019,E,558,49.50%
Y2x53-1,273,286,Pollen,R52B09,2019,E,559,48.80%
Y53-1x1,312,289,Ear,R52B09,2019,E,601,51.90%
X450-1x402,125,99,Ear,R52E07,2018,E,224,55.80%
Y51-2x1,139,142,Ear,R52E07,2019,E,281,49.50%
Y2x51-3,153,155,Pollen,R52E07,2019,E,308,49.70%
Y2x51-1,156,164,Pollen,R52E07,2019,E,320,48.80%
Y2x51-4,174,181,Pollen,R52E07,2019,E,355,49.00%
X450-2x402,161,196,Ear,R52E07,2018,E,357,45.10%
Y2x51-6,166,196,Pollen,R52E07,2019,E,362,45.90%
Y51-4x1,206,188,Ear,R52E07,2019,E,394,52.30%
X402x450-1m1,169,230,Pollen,R52E07,2018,E,399,42.40%
X402x450-2m2,199,203,Pollen,R52E07,2018,E,402,49.50%
X402x450-2m3,186,221,Pollen,R52E07,2018,E,407,45.70%
Y2x52-1,224,236,Pollen,R52E07,2019,E,460,48.70%
Y51-6x1,228,253,Ear,R52E07,2019,E,481,47.40%
X402x450-2m1,235,257,Pollen,R52E07,2018,E,492,47.80%
Y2x52-3,251,252,Pollen,R52E07,2019,E,503,49.90%
Y52-2x1,276,266,Ear,R52E07,2019,E,542,50.90%
Y51-1x1,296,260,Ear,R52E07,2019,E,556,53.20%
Y52-1x1,301,320,Ear,R52E07,2019,E,621,48.50%
X451A-1x402,70,68,Ear,R53C03,2018,E,138,50.70%
X451A-4x402,79,98,Ear,R53C03,2018,E,177,44.60%
Y2x63-5,110,103,Pollen,R53C03,2019,E,213,51.60%
Y2x64-4,138,127,Pollen,R53C03,2019,F,265,52.10%
X451A-5x402,139,134,Ear,R53C03,2018,E,273,50.90%
Y64-4x1,172,153,Ear,R53C03,2019,E,325,52.90%
Y2x64-3,142,183,Pollen,R53C03,2019,E,325,43.70%
Y2x63-2,189,169,Pollen,R53C03,2019,E,358,52.80%
X402x451A-5m1,186,177,Pollen,R53C03,2018,E,363,51.20%
Y63-5x1,188,179,Ear,R53C03,2019,E,367,51.20%
Y2x63-1,208,176,Pollen,R53C03,2019,E,384,54.20%
Y2x63-7,202,183,Pollen,R53C03,2019,E,385,52.50%
X402x451A-1m1,220,194,Pollen,R53C03,2018,E,414,53.10%
X402x451A-4m1,207,210,Pollen,R53C03,2018,E,417,49.60%
Y63-7x1,219,209,Ear,R53C03,2019,E,428,51.20%
Y63-3x1,225,211,Ear,R53C03,2019,E,436,51.60%
X402x451A-4m2,230,216,Pollen,R53C03,2018,E,446,51.60%
Y64-3x1,228,234,Ear,R53C03,2019,E,462,49.40%
Y63-2x1,229,235,Ear,R53C03,2019,E,464,49.40%
X402x451A-5m2,234,256,Pollen,R53C03,2018,E,490,47.80%
Y63-1x1,236,264,Ear,R53C03,2019,E,500,47.20%
X454-3x402,70,83,Ear,R60D10,2018,E,153,45.80%
X454L-1x402,105,88,Ear,R60D10,2018,E,193,54.40%
X402x454-3m1,154,161,Pollen,R60D10,2018,E,315,48.90%
Y2x46-3,176,190,Pollen,R60D10,2019,E,366,48.10%
Y46-1x1,203,187,Ear,R60D10,2019,E,390,52.10%
X403x454-3m4,233,213,Pollen,R60D10,2018,E,446,52.20%
Y46-2x1,250,217,Ear,R60D10,2019,E,467,53.50%
Y2x46-1,261,208,Pollen,R60D10,2019,E,469,55.70%
Y46-6x1,260,236,Ear,R60D10,2019,E,496,52.40%
Y46-3x1,294,242,Ear,R60D10,2019,E,536,54.90%
X402x454-3m2,268,280,Pollen,R60D10,2018,E,548,48.90%
Y2x46-2,275,280,Pollen,R60D10,2019,E,555,49.50%
Y2x46-6,306,267,Pollen,R60D10,2019,E,573,53.40%
X402x454-3m3,305,285,Pollen,R60D10,2018,E,590,51.70%
X456-2x402,58,69,Ear,R63F09,2018,E,127,45.70%
X456L-3x402,73,75,Ear,R63F09,2018,E,148,49.30%
X402x456-2m3,76,77,Pollen,R63F09,2018,E,153,49.70%
X402x456L-3m1,137,141,Pollen,R63F09,2018,E,278,49.30%
Y2x25-3,137,146,Pollen,R63F09,2019,F,283,48.40%
X456L-1x402,154,146,Ear,R63F09,2018,E,300,51.30%
Y2x25-1,165,173,Pollen,R63F09,2019,E,338,48.80%
Y2x25-5m3,169,196,Pollen,R63F09,2019,E,365,46.30%
Y2x25-6,181,193,Pollen,R63F09,2019,E,374,48.40%
Y25-1x1,223,232,Ear,R63F09,2019,E,455,49.00%
Y25-2x1,240,231,Ear,R63F09,2019,E,471,51.00%
X402x456-2m2,224,249,Pollen,R63F09,2018,E,473,47.40%
Y25-6x1,268,235,Ear,R63F09,2019,E,503,53.30%
Y25-3x1,261,244,Ear,R63F09,2019,E,505,51.70%
Y2x25-5m1,289,251,Pollen,R63F09,2019,E,540,53.50%
Y25-5x1,286,256,Ear,R63F09,2019,E,542,52.80%
X402x456L-1m1,281,291,Pollen,R63F09,2018,E,572,49.10%
Y2x25-5m2,291,290,Pollen,R63F09,2019,F,581,50.10%
Y2x25-2,280,309,Pollen,R63F09,2019,F,589,47.50%
X402x456-2m1,311,303,Pollen,R63F09,2018,E,614,50.70%
A102x35-4,80,91,Pollen,R65A10,2021,E,171,46.80%
Y74-5x1,111,91,Ear,R65A10,2019,E,202,55.00%
A35-7x102,142,126,Ear,R65A10,2021,E,268,53.00%
X400x457-1m2,157,137,Pollen,R65A10,2018,E,294,53.40%
Y2x74-4,149,146,Pollen,R65A10,2019,E,295,50.50%
A102x35-5,130,166,Pollen,R65A10,2021,E,296,43.90%
A102x35-6,147,174,Pollen,R65A10,2021,E,321,45.80%
X400x457-1m1,173,162,Pollen,R65A10,2018,E,335,51.60%
X457-1x402,169,169,Ear,R65A10,2018,E,338,50.00%
A35-4x102,179,159,Ear,R65A10,2021,E,338,53.00%
A102x35-2,169,175,Pollen,R65A10,2021,E,344,49.10%
Y2x74G-2,209,144,Pollen,R65A10,2019,E,353,59.20%
Y2x74-5,177,179,Pollen,R65A10,2019,E,356,49.70%
A102x35-3,180,188,Pollen,R65A10,2021,E,368,48.90%
A35-3x102,213,202,Ear,R65A10,2021,E,415,51.30%
A102x35-7,193,226,Pollen,R65A10,2021,E,419,46.10%
Y2x74-3,230,190,Pollen,R65A10,2019,E,420,54.80%
X402x457-1m4,227,221,Pollen,R65A10,2018,E,448,50.70%
Y74G-3x1,220,232,Ear,R65A10,2019,E,452,48.70%
Y74G-2x1,233,220,Ear,R65A10,2019,E,453,51.40%
X402x457-1m3,230,230,Pollen,R65A10,2018,E,460,50.00%
Y74-3x1,245,218,Ear,R65A10,2019,E,463,52.90%
Y74-2x1,255,222,Ear,R65A10,2019,E,477,53.50%
Y2x74G-3,255,228,Pollen,R65A10,2019,E,483,52.80%
Y74-1x1,265,234,Ear,R65A10,2019,E,499,53.10%
Y74-4x1,261,276,Ear,R65A10,2019,E,537,48.60%
X402x458-2-3m3,70,57,Pollen,R65E02,2018,E,127,55.10%
Y2x84-1,95,91,Pollen,R65E02,2019,F,186,51.10%
X458-1x402,102,118,Ear,R65E02,2018,E,220,46.40%
X402x458-1m3,143,163,Pollen,R65E02,2018,E,306,46.70%
Y2x84-3,169,174,Pollen,R65E02,2019,E,343,49.30%
X402x458-2-3m1,180,186,Pollen,R65E02,2018,E,366,49.20%
Y2x84-6,181,207,Pollen,R65E02,2019,E,388,46.60%
Y84-4x1,209,211,Ear,R65E02,2019,E,420,49.80%
Y84-1x1,210,217,Ear,R65E02,2019,E,427,49.20%
X402x458-1m2,204,230,Pollen,R65E02,2018,E,434,47.00%
Y84-5x1,232,213,Ear,R65E02,2019,E,445,52.10%
Y2x84-5,222,240,Pollen,R65E02,2019,E,462,48.10%
X402x458-1m1,239,246,Pollen,R65E02,2018,E,485,49.30%
Y84-3x1,278,230,Ear,R65E02,2019,E,508,54.70%
Y84-6x1,263,256,Ear,R65E02,2019,E,519,50.70%
Y84-2x1,306,282,Ear,R65E02,2019,E,588,52.00%
X459-3x402,126,118,Ear,R67C09,2018,E,244,51.60%
X459L-1x402,153,109,Ear,R67C09,2018,E,262,58.40%
Y2x72-2,141,133,Pollen,R67C09,2019,E,274,51.50%
X400x459-3m2,143,171,Pollen,R67C09,2018,E,314,45.50%
X459-2x402,172,143,Ear,R67C09,2018,E,315,54.60%
A21-8x102,175,150,Ear,R67C09,2021,E,325,53.80%
Y2x282A-6,135,194,Pollen,R67C09,2019,F,329,41.00%
A102x21-2,165,167,Pollen,R67C09,2021,E,332,49.70%
X402x459-3m3,149,192,Pollen,R67C09,2018,E,341,43.70%
Y2x72-6m2,157,184,Pollen,R67C09,2019,E,341,46.00%
A21-2x102,175,182,Ear,R67C09,2021,E,357,49.00%
A102x21-7,185,178,Pollen,R67C09,2021,E,363,51.00%
Y72-6x1,195,179,Ear,R67C09,2019,E,374,52.10%
B2x565-1_m1,179,196,Pollen,R67C09,2022,E,375,47.70%
A102x21-8,203,200,Pollen,R67C09,2021,E,403,50.40%
A21-5x102,212,200,Ear,R67C09,2021,E,412,51.50%
A102x21-5,208,205,Pollen,R67C09,2021,E,413,50.40%
B2x565-1_m2,196,220,Pollen,R67C09,2022,E,416,47.10%
Y2x72-3,210,221,Pollen,R67C09,2019,E,431,48.70%
Y72-3x1,234,212,Ear,R67C09,2019,E,446,52.50%
Y72-2x1,225,224,Ear,R67C09,2019,E,449,50.10%
X401x459-2m1,224,239,Pollen,R67C09,2018,E,463,48.40%
Y72-1x1,237,255,Ear,R67C09,2019,E,492,48.20%
Y2x72-6m1,231,276,Pollen,R67C09,2019,E,507,45.60%
X402x459-3m1,218,330,Pollen,R67C09,2018,E,548,39.80%
Y2x76-6,77,65,Pollen,R69C04,2019,E,142,54.20%
A102x22-4,146,117,Pollen,R69C04,2021,E,263,55.50%
A102x22-3,146,147,Pollen,R69C04,2021,E,293,49.80%
A22-4x102,167,138,Ear,R69C04,2021,E,305,54.80%
A22-2x102,170,149,Ear,R69C04,2021,E,319,53.30%
A102x22-2,188,161,Pollen,R69C04,2021,E,349,53.90%
Y2x76-5,187,181,Pollen,R69C04,2019,E,368,50.80%
Y76-1x1,210,208,Ear,R69C04,2019,E,418,50.20%
Y2x76-3,214,208,Pollen,R69C04,2019,E,422,50.70%
A102x22-8,247,177,Pollen,R69C04,2021,E,424,58.30%
Y76-6x1,229,221,Ear,R69C04,2019,E,450,50.90%
A22-8x102,224,231,Ear,R69C04,2021,E,455,49.20%
Y76-3x1,254,242,Ear,R69C04,2019,E,496,51.20%
Y76-5x1,271,273,Ear,R69C04,2019,E,544,49.80%
X462A-1x402,117,123,Ear,R72D11,2018,E,240,48.80%
Y2x80-6,128,136,Pollen,R72D11,2019,E,264,48.50%
X462A-3x402,143,144,Ear,R72D11,2018,E,287,49.80%
X402x462A-1m1,155,198,Pollen,R72D11,2018,E,353,43.90%
Y2x80-3,182,171,Pollen,R72D11,2019,E,353,51.60%
Y2x80-2,187,192,Pollen,R72D11,2019,E,379,49.30%
X401x462A-3m1,200,205,Pollen,R72D11,2018,E,405,49.40%
X402x462A-3m4,211,196,Pollen,R72D11,2018,E,407,51.80%
Y2x80-1,215,218,Pollen,R72D11,2019,E,433,49.70%
Y80-6x1,219,245,Ear,R72D11,2019,E,464,47.20%
Y2x80-5,219,248,Pollen,R72D11,2019,E,467,46.90%
Y80-3x1,234,235,Ear,R72D11,2019,E,469,49.90%
Y80-5x1,258,246,Ear,R72D11,2019,E,504,51.20%
Y80-1x1,240,274,Ear,R72D11,2019,E,514,46.70%
Y80-2x1,309,278,Ear,R72D11,2019,E,587,52.60%
X402x462A-3m3,293,297,Pollen,R72D11,2018,E,590,49.70%
X466L-2x402,53,42,Ear,R77F09,2018,F,95,55.80%
Y2x55-5,104,93,Pollen,R77F09,2019,E,197,52.80%
X466-5x402,101,98,Ear,R77F09,2018,E,199,50.80%
A102x23-6,105,103,Pollen,R77F09,2021,E,208,50.50%
Y2x55-1,113,113,Pollen,R77F09,2019,E,226,50.00%
X466-4x402,117,119,Ear,R77F09,2018,E,236,49.60%
Y55-1x1,127,130,Ear,R77F09,2019,E,257,49.40%
X400x466-4m1,128,135,Pollen,R77F09,2018,E,263,48.70%
Y2x55-2,126,154,Pollen,R77F09,2019,E,280,45.00%
A102x23-4,151,150,Pollen,R77F09,2021,E,301,50.20%
X400x466L-2m1,173,152,Pollen,R77F09,2018,E,325,53.20%
A23-4x102,173,157,Ear,R77F09,2021,E,330,52.40%
A102x23-8,170,169,Pollen,R77F09,2021,E,339,50.10%
A23-1x102,171,176,Ear,R77F09,2021,E,347,49.30%
X402x466-5m3,189,195,Pollen,R77F09,2018,E,384,49.20%
A102x23-1,176,232,Pollen,R77F09,2021,E,408,43.10%
X402x466-5m1,206,211,Pollen,R77F09,2018,E,417,49.40%
X401x466-1m1,237,222,Pollen,R77F09,2018,E,459,51.60%
Y55-2x1,287,183,Ear,R77F09,2019,E,470,61.10%
Y55-4x1,241,241,Ear,R77F09,2019,E,482,50.00%
Y55-5x1,263,233,Ear,R77F09,2019,E,496,53.00%
X402x466-5m2,251,315,Pollen,R77F09,2018,E,566,44.30%
A24-4x102,115,127,Ear,R81E02,2021,E,242,47.50%
A102x24-4,137,123,Pollen,R81E02,2021,E,260,52.70%
A24-5x102,122,146,Ear,R81E02,2021,E,268,45.50%
Y2x71-5,130,141,Pollen,R81E02,2019,E,271,48.00%
A102x24-5,138,137,Pollen,R81E02,2021,E,275,50.20%
Y2x71-4,164,126,Pollen,R81E02,2019,E,290,56.60%
X468AL-2x402,140,159,Ear,R81E02,2018,E,299,46.80%
X468A-5x402,146,155,Ear,R81E02,2018,E,301,48.50%
X468A-1x402,147,156,Ear,R81E02,2018,E,303,48.50%
A102x24-7,180,133,Pollen,R81E02,2021,E,313,57.50%
X402x468A-2m3,145,170,Pollen,R81E02,2018,E,315,46.00%
X400x468AL-2m1,167,149,Pollen,R81E02,2018,E,316,52.80%
X468A-2x402,162,157,Ear,R81E02,2018,E,319,50.80%
X402x468A-5m1,170,155,Pollen,R81E02,2018,E,325,52.30%
Y2x71-2,148,179,Pollen,R81E02,2019,E,327,45.30%
X401x468A-1m1,148,181,Pollen,R81E02,2018,F,329,45.00%
X402x468A-2m2,150,180,Pollen,R81E02,2018,E,330,45.50%
A24-7x102,160,184,Ear,R81E02,2021,E,344,46.50%
A102x24-3,176,183,Pollen,R81E02,2021,E,359,49.00%
A102x24-1,194,174,Pollen,R81E02,2021,E,368,52.70%
Y71-5x1,194,185,Ear,R81E02,2019,E,379,51.20%
X402x468A-2m1,200,182,Pollen,R81E02,2018,E,382,52.40%
Y71-2x1,202,212,Ear,R81E02,2019,E,414,48.80%
Y71-1x1,229,201,Ear,R81E02,2019,E,430,53.30%
Y2x71-1,213,234,Pollen,R81E02,2019,F,447,47.70%
Y71-6x1,222,233,Ear,R81E02,2019,E,455,48.80%
Y71-4x1,229,261,Ear,R81E02,2019,E,490,46.70%
Y2x71-6,251,252,Pollen,R81E02,2019,E,503,49.90%
X403x468A-2m4,265,240,Pollen,R81E02,2018,E,505,52.50%
X469A-3x402,75,84,Ear,R81G05,2018,E,159,47.20%
Y2x35-4,129,150,Pollen,R81G05,2019,E,279,46.20%
X469A-2x402,149,133,Ear,R81G05,2018,E,282,52.80%
Y35-3x1,197,219,Ear,R81G05,2019,E,416,47.40%
Y35-6x1,204,213,Ear,R81G05,2019,E,417,48.90%
X401x469A-2m1,237,211,Pollen,R81G05,2018,E,448,52.90%
Y2x35-1,232,219,Pollen,R81G05,2019,E,451,51.40%
Y35-1x1,229,228,Ear,R81G05,2019,E,457,50.10%
Y2x35-2,244,216,Pollen,R81G05,2019,E,460,53.00%
Y35-4x1,239,236,Ear,R81G05,2019,E,475,50.30%
Y2x35-3,248,232,Pollen,R81G05,2019,E,480,51.70%
Y35-2x1,245,243,Ear,R81G05,2019,E,488,50.20%
X402x469A-3m3,258,234,Pollen,R81G05,2018,E,492,52.40%
X402x469A-3m2,265,259,Pollen,R81G05,2018,E,524,50.60%
X402x469A-3m1,286,263,Pollen,R81G05,2018,E,549,52.10%
B2x708A_m1,65,98,Pollen,R82A03,2022,E,163,39.90%
Y2x287A-6m2,76,108,Pollen,R82A03,2019,F,184,41.30%
A102x237A-3,64,122,Pollen,R82A03,2021,F,186,34.40%
B2x708A_m5,75,128,Pollen,R82A03,2022,E,203,36.90%
B2x711-2,80,123,Pollen,R82A03,2022,E,203,39.40%
Y19-1x1,98,121,Ear,R82A03,2019,E,219,44.70%
Z1x205-3,67,153,Pollen,R82A03,2020,E,220,30.50%
A11-3x102_new,118,113,Ear,R82A03,2021,E,231,51.10%
A102x11-5,80,152,Pollen,R82A03,2021,E,232,34.50%
B2x708A_m9,70,164,Pollen,R82A03,2022,E,234,29.90%
B2x560-2_m2,72,164,Pollen,R82A03,2022,E,236,30.50%
Y2x19-4,96,154,Pollen,R82A03,2019,E,250,38.40%
A102x11-1,93,164,Pollen,R82A03,2021,E,257,36.20%
Z1x205-9,123,142,Pollen,R82A03,2020,E,265,46.40%
Y2x287A-6m3,110,159,Pollen,R82A03,2019,F,269,40.90%
Y2x287A-5m3,102,171,Pollen,R82A03,2019,F,273,37.40%
Y2x19-6,96,179,Pollen,R82A03,2019,E,275,34.90%
Y19-3x1,135,145,Ear,R82A03,2019,E,280,48.20%
Z205-7_1x1,138,147,Ear,R82A03,2020,E,285,48.40%
Z205-1x1,153,134,Ear,R82A03,2020,E,287,53.30%
B2x711-12,100,191,Pollen,R82A03,2022,E,291,34.40%
B2x560-3_m2,93,199,Pollen,R82A03,2022,E,292,31.80%
Y2x19-3,95,203,Pollen,R82A03,2019,E,298,31.90%
B2x711-9,131,168,Pollen,R82A03,2022,E,299,43.80%
X400x568AL-1m1,95,209,Pollen,R82A03,2018,E,304,31.30%
B2x711-16,98,208,Pollen,R82A03,2022,E,306,32.00%
Z1x205-7,103,207,Pollen,R82A03,2020,E,310,33.20%
Y2x287A-5m4,132,182,Pollen,R82A03,2019,F,314,42.00%
B2x560-2_m1,111,203,Pollen,R82A03,2022,E,314,35.40%
Y1x289C-7,98,219,Pollen,R82A03,2019,E,317,30.90%
A237A-3x102,157,162,Ear,R82A03,2021,E,319,49.20%
X400x568AL-4m1,126,195,Pollen,R82A03,2018,E,321,39.30%
Y2x19-1,98,223,Pollen,R82A03,2019,E,321,30.50%
A102x11-3,114,208,Pollen,R82A03,2021,E,322,35.40%
X401x491-1m1,101,224,Pollen,R82A03,2018,E,325,31.10%
Y1x289B-1,108,218,Pollen,R82A03,2019,E,326,33.10%
Y1x289A-7,88,242,Pollen,R82A03,2019,E,330,26.70%
X400x571A-2m1,147,187,Pollen,R82A03,2018,E,334,44.00%
X401x491-5m1,114,223,Pollen,R82A03,2018,E,337,33.80%
B2x560-3_m1,143,200,Pollen,R82A03,2022,E,343,41.70%
Y19-2x1,178,167,Ear,R82A03,2019,E,345,51.60%
Y1x289A-2m1,109,240,Pollen,R82A03,2019,E,349,31.20%
Y1x289B-4,78,271,Pollen,R82A03,2019,E,349,22.30%
A102x44867,144,209,Pollen,R82A03,2021,E,353,40.80%
Y1x289A-2m2,152,202,Pollen,R82A03,2019,E,354,42.90%
X400x571B-1m2,166,194,Pollen,R82A03,2018,E,360,46.10%
Z1x205-1,138,229,Pollen,R82A03,2020,E,367,37.60%
B711-3x2,185,183,Ear,R82A03,2022,E,368,50.30%
Y1x289B-6,77,293,Pollen,R82A03,2019,F,370,20.80%
X401x491L-2m1,129,245,Pollen,R82A03,2018,E,374,34.50%
X400x569AL-2m1,159,229,Pollen,R82A03,2018,E,388,41.00%
Y1x289A-5,136,253,Pollen,R82A03,2019,E,389,35.00%
B711-2x2,205,199,Ear,R82A03,2022,E,404,50.70%
X491-5x402,211,198,Ear,R82A03,2018,E,409,51.60%
Y19-5x1,200,211,Ear,R82A03,2019,E,411,48.70%
B711-4x2,210,201,Ear,R82A03,2022,E,411,51.10%
B560-2x2,232,190,Ear,R82A03,2022,E,422,55.00%
Z1x205-2,142,280,Pollen,R82A03,2020,E,422,33.60%
B560-3x2,205,218,Ear,R82A03,2022,E,423,48.50%
Y2x287A-2m1,150,276,Pollen,R82A03,2019,F,426,35.20%
Z205-9x1,216,214,Ear,R82A03,2020,E,430,50.20%
Y19-6x1,222,216,Ear,R82A03,2019,E,438,50.70%
A11-2x102_new_new,198,242,Ear,R82A03,2021,E,440,45.00%
Y2x19-5,149,298,Pollen,R82A03,2019,E,447,33.30%
X491L-2x402,233,259,Ear,R82A03,2018,E,492,47.40%
Y2x19-2,141,354,Pollen,R82A03,2019,E,495,28.50%
Z205-3x1,269,232,Ear,R82A03,2020,E,501,53.70%
A11-1x102_new_new,255,248,Ear,R82A03,2021,E,503,50.70%
Y289C-7x1,256,250,Ear,R82A03,2019,E,506,50.60%
Y19-4x1,240,271,Ear,R82A03,2019,E,511,47.00%
Z1x240A-7,20,107,Pollen,R82C05,2020,F,127,15.70%
Y2x220-1,47,131,Pollen,R82C05,2019,E,178,26.40%
Z1x241B-3,32,160,Pollen,R82C05,2020,E,192,16.70%
Y2x220-6,9,256,Pollen,R82C05,2019,F,265,3.40%
A250-2x102,162,145,Ear,R82C05,2021,E,307,52.80%
Z1x230-6,20,293,Pollen,R82C05,2020,F,313,6.40%
Y331AL-2x1,163,160,Ear,R82C05,2019,E,323,50.50%
Z1x231-4,41,283,Pollen,R82C05,2020,E,324,12.70%
A252-1x102,165,167,Ear,R82C05,2021,E,332,49.70%
B2x571-2,25,314,Pollen,R82C05,2022,E,339,7.40%
Z82-1x1_NEW,172,180,Ear,R82C05,2020,E,352,48.90%
B2x571-3,49,304,Pollen,R82C05,2022,E,353,13.90%
Z1x240A-6,84,270,Pollen,R82C05,2020,E,354,23.70%
Z240A-7x1,172,185,Ear,R82C05,2020,E,357,48.20%
A102x12-4,43,314,Pollen,R82C05,2021,E,357,12.10%
Z240A-6x1_NEW,195,164,Ear,R82C05,2020,E,359,54.30%
Y1x331AL-2,85,275,Pollen,R82C05,2019,F,360,23.60%
Y331AL-6x1,192,182,Ear,R82C05,2019,E,374,51.30%
Z82-2x1,206,179,Ear,R82C05,2020,E,385,53.50%
A102x12-5,52,337,Pollen,R82C05,2021,E,389,13.40%
Z240A-2x1,213,177,Ear,R82C05,2020,E,390,54.60%
A102x12-2,66,327,Pollen,R82C05,2021,E,393,16.80%
Z1x230-7,23,375,Pollen,R82C05,2020,E,398,5.80%
Y1x331AL-8,15,385,Pollen,R82C05,2019,F,400,3.80%
B2x571-1,48,355,Pollen,R82C05,2022,E,403,11.90%
Y1x331AL-7,38,374,Pollen,R82C05,2019,F,412,9.20%
Y1x331AL-11,64,350,Pollen,R82C05,2019,F,414,15.50%
Y2x220-5,52,368,Pollen,R82C05,2019,F,420,12.40%
A102x251-3,25,409,Pollen,R82C05,2021,F,434,5.80%
A252-3x102,247,195,Ear,R82C05,2021,E,442,55.90%
Y2x220-3,12,439,Pollen,R82C05,2019,F,451,2.70%
Z2x82-2,19,432,Pollen,R82C05,2020,F,451,4.20%
A102x251-4,44,424,Pollen,R82C05,2021,F,468,9.40%
Z230-4x1,258,229,Ear,R82C05,2020,E,487,53.00%
Z1x240A-2,42,456,Pollen,R82C05,2020,E,498,8.40%
Z2x82-1_NEW,31,478,Pollen,R82C05,2020,F,509,6.10%
Z2x82-5,13,498,Pollen,R82C05,2020,F,511,2.50%
B571-3x2,262,264,Ear,R82C05,2022,E,526,49.80%
Z2x82-6,51,478,Pollen,R82C05,2020,F,529,9.60%
Z1x242-2,115,110,Pollen,R83A02,2020,E,225,51.10%
X470-2x402,122,116,Ear,R83A02,2018,E,238,51.30%
Y42-3x1,123,122,Ear,R83A02,2019,E,245,50.20%
Z1x243-4,121,139,Pollen,R83A02,2020,E,260,46.50%
Z1x243-1,149,147,Pollen,R83A02,2020,E,296,50.30%
B2x754-3,142,164,Pollen,R83A02,2022,E,306,46.40%
A102x283-3,155,164,Pollen,R83A02,2021,E,319,48.60%
Y2x42-1,173,155,Pollen,R83A02,2019,E,328,52.70%
Y2x42-2,147,192,Pollen,R83A02,2019,E,339,43.40%
Z1x242-3,160,179,Pollen,R83A02,2020,E,339,47.20%
B753-2x2,170,175,Ear,R83A02,2022,E,345,49.30%
A102x32-3,155,191,Pollen,R83A02,2021,E,346,44.80%
Z1x242-1,174,191,Pollen,R83A02,2020,E,365,47.70%
X403x470-2m1,191,175,Pollen,R83A02,2018,E,366,52.20%
Z242-2x1,196,173,Ear,R83A02,2020,E,369,53.10%
A102x283-4,201,173,Pollen,R83A02,2021,F,374,53.70%
A102x32-5,188,188,Pollen,R83A02,2021,E,376,50.00%
Z242x1,188,197,Ear,R83A02,2020,E,385,48.80%
Y42-5x1,201,193,Ear,R83A02,2019,E,394,51.00%
A102x32-8,201,201,Pollen,R83A02,2021,E,402,50.00%
Y42-6x1,209,201,Ear,R83A02,2019,E,410,51.00%
A32-5x102,202,214,Ear,R83A02,2021,E,416,48.60%
Y42-1x1,212,216,Ear,R83A02,2019,E,428,49.50%
Z242-1x1,222,218,Ear,R83A02,2020,E,440,50.50%
Y2x42-6,224,216,Pollen,R83A02,2019,E,440,50.90%
Y42-2x1,229,221,Ear,R83A02,2019,E,450,50.90%
Y42-7x1,225,229,Ear,R83A02,2019,E,454,49.60%
A32-4x102,218,245,Ear,R83A02,2021,E,463,47.10%
A282-3x102,251,224,Ear,R83A02,2021,E,475,52.80%
Y2x42-7,226,254,Pollen,R83A02,2019,E,480,47.10%
Y2x42-3,276,237,Pollen,R83A02,2019,E,513,53.80%
A32-1x102,262,253,Ear,R83A02,2021,E,515,50.90%
Y2x68-1,92,122,Pollen,R83B04,2019,E,214,43.00%
X471A-2x402,133,134,Ear,R83B04,2018,E,267,49.80%
Y2x68-6,180,154,Pollen,R83B04,2019,E,334,53.90%
Y68-6x1,168,179,Ear,R83B04,2019,E,347,48.40%
Y2x68-2,204,184,Pollen,R83B04,2019,E,388,52.60%
X401Ex471A-2m1,198,197,Pollen,R83B04,2018,E,395,50.10%
Y68-3x1,214,231,Ear,R83B04,2019,E,445,48.10%
Y68-1x1,278,237,Ear,R83B04,2019,E,515,54.00%
Y2x68-3,257,268,Pollen,R83B04,2019,E,525,49.00%
Y68-2x1,286,254,Ear,R83B04,2019,E,540,53.00%
Z1x200-11_m4,33,43,Pollen,R84A12,2020,F,76,43.40%
Z1x200-7_m2,29,66,Pollen,R84A12,2020,F,95,30.50%
Z1x202A-4_m4,50,75,Pollen,R84A12,2020,E,125,40.00%
Z1x202A-4_m2,48,83,Pollen,R84A12,2020,E,131,36.60%
Y2x284B-1m5,51,99,Pollen,R84A12,2019,F,150,34.00%
Y1x284B-3,47,109,Pollen,R84A12,2019,E,156,30.10%
A1x230_m1,38,118,Pollen,R84A12,2021,F,156,24.40%
Y2x286A-8m2,43,115,Pollen,R84A12,2019,F,158,27.20%
A10-4x102,92,72,Ear,R84A12,2021,E,164,56.10%
Z1x202A-11_m1,46,125,Pollen,R84A12,2020,F,171,26.90%
X400x570AL-1m2,57,123,Pollen,R84A12,2018,E,180,31.70%
Y1x285A-3m4,48,143,Pollen,R84A12,2019,F,191,25.10%
Y2x284B-1m3,59,135,Pollen,R84A12,2019,E,194,30.40%
A1x230_m5,72,130,Pollen,R84A12,2021,E,202,35.60%
B2x711-15,73,129,Pollen,R84A12,2022,E,202,36.10%
A102x230-5,41,166,Pollen,R84A12,2021,E,207,19.80%
A102x10-1,55,158,Pollen,R84A12,2021,E,213,25.80%
B2x575B-4,60,154,Pollen,R84A12,2022,E,214,28.00%
A230-4x102,105,112,Ear,R84A12,2021,E,217,48.40%
X400x572B-4m1,36,182,Pollen,R84A12,2018,E,218,16.50%
Y2x286A-8m3,58,160,Pollen,R84A12,2019,F,218,26.60%
A102x233A-4,64,159,Pollen,R84A12,2021,E,223,28.70%
Z1x201-3,78,147,Pollen,R84A12,2020,E,225,34.70%
Y1x284B-2,83,147,Pollen,R84A12,2019,E,230,36.10%
B2x575A-4,54,179,Pollen,R84A12,2022,E,233,23.20%
B2x575B-1,41,192,Pollen,R84A12,2022,E,233,17.60%
Y1x285A-4,67,167,Pollen,R84A12,2019,F,234,28.60%
X400x575-2m1,93,146,Pollen,R84A12,2018,E,239,38.90%
Z2x80-2,51,193,Pollen,R84A12,2020,F,244,20.90%
Z2x80-3,44,201,Pollen,R84A12,2020,F,245,18.00%
A10-1x102,148,98,Ear,R84A12,2021,E,246,60.20%
A230-5x102,110,136,Ear,R84A12,2021,E,246,44.70%
B2x575A-3,46,202,Pollen,R84A12,2022,E,248,18.50%
Y2x87-5,43,207,Pollen,R84A12,2019,E,250,17.20%
Y1x284B-1,82,170,Pollen,R84A12,2019,F,252,32.50%
B2x575B-2,59,194,Pollen,R84A12,2022,E,253,23.30%
Y2x87-2,54,202,Pollen,R84A12,2019,E,256,21.10%
Z1x201-2,80,179,Pollen,R84A12,2020,E,259,30.90%
Z1x201-1,93,176,Pollen,R84A12,2020,E,269,34.60%
A102x232-3,89,180,Pollen,R84A12,2021,F,269,33.10%
Y2x87-4,77,197,Pollen,R84A12,2019,E,274,28.10%
Z1x202A-2,112,162,Pollen,R84A12,2020,E,274,40.90%
Y2x87-8,99,177,Pollen,R84A12,2019,E,276,35.90%
A102x10-3,46,230,Pollen,R84A12,2021,E,276,16.70%
Z2x80-4,81,196,Pollen,R84A12,2020,E,277,29.20%
B2x711-13,85,198,Pollen,R84A12,2022,E,283,30.00%
X401x492-3m1,76,216,Pollen,R84A12,2018,E,292,26.00%
Y2x87-6,46,246,Pollen,R84A12,2019,F,292,15.80%
Z2x80-8,73,219,Pollen,R84A12,2020,F,292,25.00%
B2x711-14,92,204,Pollen,R84A12,2022,E,296,31.10%
Z1x203B-2,85,213,Pollen,R84A12,2020,E,298,28.50%
X400x570AL-4m2,79,222,Pollen,R84A12,2018,E,301,26.20%
X403x492-1m4,78,227,Pollen,R84A12,2018,E,305,25.60%
X401x492-2m1,69,237,Pollen,R84A12,2018,E,306,22.50%
Y1x375A-4,90,217,Pollen,R84A12,2019,F,307,29.30%
Y1x285A-3m2,75,241,Pollen,R84A12,2019,E,316,23.70%
Y2x284B-1m2,66,250,Pollen,R84A12,2019,E,316,20.90%
B2x711-4,119,201,Pollen,R84A12,2022,E,320,37.20%
Z1x203B-4,88,233,Pollen,R84A12,2020,E,321,27.40%
A102x44838,103,218,Pollen,R84A12,2021,E,321,32.10%
Z1x203B-5,108,220,Pollen,R84A12,2020,E,328,32.90%
Y2x87-3,90,241,Pollen,R84A12,2019,E,331,27.20%
A102x10-7,100,233,Pollen,R84A12,2021,E,333,30.00%
Z80-3x1_NEW,160,174,Ear,R84A12,2020,E,334,47.90%
B2x711-8,112,222,Pollen,R84A12,2022,E,334,33.50%
X402x492-1m2,58,279,Pollen,R84A12,2018,E,337,17.20%
X402x492-1m3,56,284,Pollen,R84A12,2018,E,340,16.50%
Z1x202A-4_m1,130,212,Pollen,R84A12,2020,E,342,38.00%
Y1x285A-3m1,77,275,Pollen,R84A12,2019,F,352,21.90%
X402x492-1m1,104,261,Pollen,R84A12,2018,E,365,28.50%
X400x572C-5m1,95,271,Pollen,R84A12,2018,E,366,26.00%
Z1x200-7_m1,143,225,Pollen,R84A12,2020,E,368,38.90%
A10-7x102_new,197,181,Ear,R84A12,2021,E,378,52.10%
Y2x87-1,101,290,Pollen,R84A12,2019,F,391,25.80%
Y2x286A-8m1,127,271,Pollen,R84A12,2019,E,398,31.90%
B575B-2x2,201,205,Ear,R84A12,2022,E,406,49.50%
Y285A-4x1,199,211,Ear,R84A12,2019,E,410,48.50%
Y87-1x1,229,185,Ear,R84A12,2019,E,414,55.30%
B575B-4x2,206,209,Ear,R84A12,2022,E,415,49.60%
X401x573-1m1,199,216,Pollen,R84A12,2018,E,415,48.00%
Z1x200-11_m1,171,246,Pollen,R84A12,2020,E,417,41.00%
Z200-6x1,214,205,Ear,R84A12,2020,E,419,51.10%
A233A-1x102,214,206,Ear,R84A12,2021,E,420,51.00%
B575A-3x2,229,194,Ear,R84A12,2022,E,423,54.10%
B575A-4x2,241,197,Ear,R84A12,2022,E,438,55.00%
B575B-1x2,233,221,Ear,R84A12,2022,E,454,51.30%
Z80-2x1_NEW,248,207,Ear,R84A12,2020,E,455,54.50%
Z202A-2x1,252,225,Ear,R84A12,2020,E,477,52.80%
Y87-2x1,253,229,Ear,R84A12,2019,E,482,52.50%
Y87-5x1,267,217,Ear,R84A12,2019,E,484,55.20%
Z202A-4x1,241,243,Ear,R84A12,2020,E,484,49.80%
Y87-6x1,262,223,Ear,R84A12,2019,E,485,54.00%
Y87-8x1,256,256,Ear,R84A12,2019,E,512,50.00%
X492-1x402,269,251,Ear,R84A12,2018,E,520,51.70%
X492-2x402,251,270,Ear,R84A12,2018,E,521,48.20%
X572A-4x400,264,263,Ear,R84A12,2018,E,527,50.10%
Y87-3x1,269,269,Ear,R84A12,2019,E,538,50.00%
X492-3x402,278,262,Ear,R84A12,2018,E,540,51.50%
Y87-4x1,313,253,Ear,R84A12,2019,E,566,55.30%
X403x474-1m1,96,101,Pollen,R87A03,2018,E,197,48.70%
X474-1x402,96,111,Ear,R87A03,2018,E,207,46.40%
Y2x45-4,117,123,Pollen,R87A03,2019,E,240,48.80%
Y2x45-3,128,135,Pollen,R87A03,2019,E,263,48.70%
X402x474-4m4,142,159,Pollen,R87A03,2018,E,301,47.20%
X401x474-2m2,153,173,Pollen,R87A03,2018,E,326,46.90%
X474-2x402,146,189,Ear,R87A03,2018,E,335,43.60%
X402x474-4m5,177,166,Pollen,R87A03,2018,E,343,51.60%
X474-4x402,178,185,Ear,R87A03,2018,E,363,49.00%
X402x474-2m1,177,194,Pollen,R87A03,2018,E,371,47.70%
Y2x45-5,212,205,Pollen,R87A03,2019,E,417,50.80%
Y2x45-2,254,213,Pollen,R87A03,2019,E,467,54.40%
Y45-2x1,245,241,Ear,R87A03,2019,E,486,50.40%
Y45-5x1,251,237,Ear,R87A03,2019,E,488,51.40%
X402x474-4m3,249,251,Pollen,R87A03,2018,E,500,49.80%
X401x474-4m2,273,247,Pollen,R87A03,2018,E,520,52.50%
Y45-3x1,254,278,Ear,R87A03,2019,E,532,47.70%
X475A-1x402,111,101,Ear,R88B08,2018,E,212,52.40%
X402x475A-1m1,147,111,Pollen,R88B08,2018,E,258,57.00%
X475A-5x402,135,130,Ear,R88B08,2018,E,265,50.90%
Y2x39-4,163,150,Pollen,R88B08,2019,E,313,52.10%
Y39-3bx1,181,180,Ear,R88B08,2019,E,361,50.10%
X402x475A-1m2,190,176,Pollen,R88B08,2018,E,366,51.90%
Y39-1x1,191,176,Ear,R88B08,2019,E,367,52.00%
X402x475A-1m3,192,183,Pollen,R88B08,2018,E,375,51.20%
Y2x39-3,179,196,Pollen,R88B08,2019,E,375,47.70%
X403x475A-5m1,191,214,Pollen,R88B08,2018,E,405,47.20%
Y2x39-1,200,220,Pollen,R88B08,2019,E,420,47.60%
X401x475A-3m1,216,230,Pollen,R88B08,2018,E,446,48.40%
Y2x39-2,229,224,Pollen,R88B08,2019,E,453,50.60%
Y39-4x1,230,226,Ear,R88B08,2019,E,456,50.40%
Y39-3ax1,236,237,Ear,R88B08,2019,E,473,49.90%
X402x494-1m1,135,135,Pollen,R91F11,2018,E,270,50.00%
Y2x11-4,177,131,Pollen,R91F11,2019,E,308,57.50%
X401x494-4m1,150,195,Pollen,R91F11,2018,E,345,43.50%
X494-2x402,180,176,Ear,R91F11,2018,E,356,50.60%
X400x522AL-2m1,178,182,Pollen,R91F11,2018,E,360,49.40%
X401x522-1m1,193,178,Pollen,R91F11,2018,E,371,52.00%
X403x494-1m3,188,217,Pollen,R91F11,2018,E,405,46.40%
Y2x11-2,191,215,Pollen,R91F11,2019,E,406,47.00%
X403x522AL-1m1,210,206,Pollen,R91F11,2018,E,416,50.50%
X494-4x402,218,216,Ear,R91F11,2018,E,434,50.20%
X494-1x402,237,226,Ear,R91F11,2018,E,463,51.20%
Y2x11-1,247,222,Pollen,R91F11,2019,E,469,52.70%
Y11-4x1,230,245,Ear,R91F11,2019,E,475,48.40%
X402x494-2m1,242,250,Pollen,R91F11,2018,E,492,49.20%
Y2x11-5,244,256,Pollen,R91F11,2019,E,500,48.80%
Y11-1x1,257,261,Ear,R91F11,2019,E,518,49.60%
Y11-5x1,262,256,Ear,R91F11,2019,E,518,50.60%
Y11-2x1,282,281,Ear,R91F11,2019,E,563,50.10%
X402x494-1m2,310,273,Pollen,R91F11,2018,F,583,53.20%
X402x479A-1m2,135,127,Pollen,R91G06,2018,E,262,51.50%
X479A-1x402,127,160,Ear,R91G06,2018,E,287,44.30%
Y2x44-2,141,167,Pollen,R91G06,2019,E,308,45.80%
X402x479A-1m3,194,176,Pollen,R91G06,2018,E,370,52.40%
Y2x44-6,204,178,Pollen,R91G06,2019,E,382,53.40%
Y2x44-1,202,189,Pollen,R91G06,2019,E,391,51.70%
Y44-7x1,205,194,Ear,R91G06,2019,E,399,51.40%
X402x479A-1m1,201,224,Pollen,R91G06,2018,E,425,47.30%
Y2x44-5,233,193,Pollen,R91G06,2019,E,426,54.70%
Y44-3x1,232,217,Ear,R91G06,2019,E,449,51.70%
Y44-5x1,238,234,Ear,R91G06,2019,E,472,50.40%
Y44-2x1,243,244,Ear,R91G06,2019,E,487,49.90%
Y44-6x1,260,237,Ear,R91G06,2019,E,497,52.30%
Y44-1x1,292,244,Ear,R91G06,2019,E,536,54.50%
X480AL-1x402,134,127,Ear,R92A10,2018,E,261,51.30%
Y36-4x1,156,126,Ear,R92A10,2019,E,282,55.30%
Y36-3x1,141,159,Ear,R92A10,2019,E,300,47.00%
Y1x276-3,147,155,Pollen,R92A10,2019,E,302,48.70%
A102x28-8,143,160,Pollen,R92A10,2021,E,303,47.20%
A102x28-1,148,167,Pollen,R92A10,2021,E,315,47.00%
X480A-4x402,163,166,Ear,R92A10,2018,E,329,49.50%
X402x480A-4m3,172,161,Pollen,R92A10,2018,E,333,51.70%
A102x28-7,164,178,Pollen,R92A10,2021,E,342,48.00%
Y2x36-2,166,205,Pollen,R92A10,2019,E,371,44.70%
Y2x36-4,233,182,Pollen,R92A10,2019,E,415,56.10%
Y2x269-3,218,204,Pollen,R92A10,2019,F,422,51.70%
Y2x36-1,219,205,Pollen,R92A10,2019,E,424,51.70%
A28-7x102,208,220,Ear,R92A10,2021,E,428,48.60%
X401x480A-1m1,230,198,Pollen,R92A10,2018,E,428,53.70%
Y269-2x2,221,209,Ear,R92A10,2019,F,430,51.40%
Y36-2x1,217,230,Ear,R92A10,2019,E,447,48.50%
Y276-3x1,228,225,Ear,R92A10,2019,E,453,50.30%
A102x28-4,176,287,Pollen,R92A10,2021,F,463,38.00%
Y269-4x2,244,232,Ear,R92A10,2019,E,476,51.30%
X402x480A-4m1,242,234,Pollen,R92A10,2018,E,476,50.80%
X401x480A-3m1,255,230,Pollen,R92A10,2018,E,485,52.60%
A28-4x102,241,252,Ear,R92A10,2021,E,493,48.90%
A28-1x102,259,250,Ear,R92A10,2021,E,509,50.90%
X402x480A-4m2,274,252,Pollen,R92A10,2018,E,526,52.10%
Y2x36-3,278,270,Pollen,R92A10,2019,F,548,50.70%
Y36-1x1,291,264,Ear,R92A10,2019,E,555,52.40%
Y2x14-2,110,97,Pollen,R92F08,2019,E,207,53.10%
X403x481A-3m1,119,113,Pollen,R92F08,2018,E,232,51.30%
X481A-2x402,128,146,Ear,R92F08,2018,E,274,46.70%
A102x29-2,136,143,Pollen,R92F08,2021,F,279,48.70%
X402x481A-2m1,140,143,Pollen,R92F08,2018,E,283,49.50%
X481A-3x402,142,142,Ear,R92F08,2018,E,284,50.00%
Y2x14-6,135,165,Pollen,R92F08,2019,E,300,45.00%
A102x29-8,131,174,Pollen,R92F08,2021,E,305,43.00%
Y14-5x1,151,162,Ear,R92F08,2019,E,313,48.20%
X400x481AL-1m3,131,182,Pollen,R92F08,2018,E,313,41.90%
X400x481AL-1m1,127,196,Pollen,R92F08,2018,E,323,39.30%
A102x29-3,149,189,Pollen,R92F08,2021,E,338,44.10%
A29-2x102,169,185,Ear,R92F08,2021,E,354,47.70%
Y2x14-5,170,205,Pollen,R92F08,2019,E,375,45.30%
A102x29-5,183,193,Pollen,R92F08,2021,E,376,48.70%
B2x566-3,173,203,Pollen,R92F08,2022,E,376,46.00%
A29-5x102,208,176,Ear,R92F08,2021,E,384,54.20%
X401x481A-1m1,182,211,Pollen,R92F08,2018,E,393,46.30%
Y14-2x1,189,207,Ear,R92F08,2019,E,396,47.70%
Y14-6x1,193,211,Ear,R92F08,2019,E,404,47.80%
Y14-1x1,222,246,Ear,R92F08,2019,E,468,47.40%
A29-3x102,274,268,Ear,R92F08,2021,E,542,50.60%
X401x3-6m3,94,90,Pollen,R95D10,2018,E,184,51.10%
Y2x232-2,81,116,Pollen,R95D10,2019,E,197,41.10%
X4-1x402,131,138,Ear,R95D10,2018,E,269,48.70%
A40-1x102,146,136,Ear,R95D10,2021,E,282,51.80%
A40-6x102,156,138,Ear,R95D10,2021,E,294,53.10%
X4-4x400L,144,155,Ear,R95D10,2018,E,299,48.20%
X401x4-2m2,161,143,Pollen,R95D10,2018,E,304,53.00%
A102x40-1,146,158,Pollen,R95D10,2021,F,304,48.00%
A102x40-2,129,180,Pollen,R95D10,2021,F,309,41.70%
X3-6x402,157,156,Ear,R95D10,2018,E,313,50.20%
A102x40-5,157,170,Pollen,R95D10,2021,E,327,48.00%
Y2x232-3,153,178,Pollen,R95D10,2019,E,331,46.20%
Y232-6x1,169,178,Ear,R95D10,2019,E,347,48.70%
A102x40-4_new,194,154,Pollen,R95D10,2021,E,348,55.70%
A102x40-3_new,143,215,Pollen,R95D10,2021,F,358,39.90%
B2x590-2,156,207,Pollen,R95D10,2022,E,363,43.00%
X401x4-4m1,171,198,Pollen,R95D10,2018,E,369,46.30%
Y2x232-4,177,200,Pollen,R95D10,2019,E,377,46.90%
Y232-2x1,185,194,Ear,R95D10,2019,E,379,48.80%
B590-2x2,206,185,Ear,R95D10,2022,E,391,52.70%
X401x4-2m4,176,215,Pollen,R95D10,2018,E,391,45.00%
X400x3-6m1,181,222,Pollen,R95D10,2018,E,403,44.90%
X4-6x402,198,212,Ear,R95D10,2018,E,410,48.30%
X401x4-1m2,195,224,Pollen,R95D10,2018,E,419,46.50%
X401x3-6m4,179,242,Pollen,R95D10,2018,E,421,42.50%
X3-6_tillerx402,198,229,Ear,R95D10,2018,E,427,46.40%
X403x4-1m4,199,230,Pollen,R95D10,2018,E,429,46.40%
Y232-5x1,212,221,Ear,R95D10,2019,E,433,49.00%
Y2x232-1,194,239,Pollen,R95D10,2019,E,433,44.80%
X403x3-6m5,191,250,Pollen,R95D10,2018,E,441,43.30%
X403x4-2m3,205,237,Pollen,R95D10,2018,E,442,46.40%
A40-3x102,221,222,Ear,R95D10,2021,E,443,49.90%
X401x4-1m1,216,228,Pollen,R95D10,2018,E,444,48.60%
Y232-4x1,234,224,Ear,R95D10,2019,E,458,51.10%
Y2x232-6,211,248,Pollen,R95D10,2019,F,459,46.00%
Y232-3x1,228,237,Ear,R95D10,2019,E,465,49.00%
X403x4-2m1,237,235,Pollen,R95D10,2018,F,472,50.20%
Y232-1x1,232,250,Ear,R95D10,2019,E,482,48.10%
X401x3-6m2,229,268,Pollen,R95D10,2018,E,497,46.10%
X402x4-1m3,233,273,Pollen,R95D10,2018,E,506,46.00%
X401x4-6m1,229,284,Pollen,R95D10,2018,E,513,44.60%
Z255-1x1,60,64,Ear,R96B12,2020,F,124,48.40%
Z2x255-1,100,122,Pollen,R96B12,2020,E,222,45.00%
A102x33-2,119,142,Pollen,R96B12,2021,E,261,45.60%
A102x33-5,127,134,Pollen,R96B12,2021,E,261,48.70%
A102x33-6,147,135,Pollen,R96B12,2021,E,282,52.10%
Z2x252-1,148,139,Pollen,R96B12,2020,E,287,51.60%
A102x33-4,137,154,Pollen,R96B12,2021,E,291,47.10%
Z1x249A-1,161,152,Pollen,R96B12,2020,E,313,51.40%
B2x568-1,170,146,Pollen,R96B12,2022,E,316,53.80%
Z1x250-1,149,168,Pollen,R96B12,2020,E,317,47.00%
Z1x251-3,171,147,Pollen,R96B12,2020,E,318,53.80%
Z1x251-1,148,173,Pollen,R96B12,2020,E,321,46.10%
A102x277-2,155,180,Pollen,R96B12,2021,F,335,46.30%
A102x33-3,149,196,Pollen,R96B12,2021,F,345,43.20%
Z2x258-1,169,182,Pollen,R96B12,2020,E,351,48.10%
A102x277-3,206,181,Pollen,R96B12,2021,E,387,53.20%
Z252-1x1,221,186,Ear,R96B12,2020,E,407,54.30%
Z1x257-1,199,215,Pollen,R96B12,2020,E,414,48.10%
Z251-1x1,233,186,Ear,R96B12,2020,E,419,55.60%
Z249A-1x1,210,210,Ear,R96B12,2020,E,420,50.00%
A33-5x102,222,204,Ear,R96B12,2021,E,426,52.10%
Z1x253-1,209,223,Pollen,R96B12,2020,E,432,48.40%
A33-2x102,224,211,Ear,R96B12,2021,E,435,51.50%
Z1x257-2,247,189,Pollen,R96B12,2020,E,436,56.70%
A33-6x102,232,231,Ear,R96B12,2021,E,463,50.10%
A277-2x102,250,230,Ear,R96B12,2021,E,480,52.10%
Z258-1x1,252,229,Ear,R96B12,2020,E,481,52.40%
Z1x250-2,239,267,Pollen,R96B12,2020,E,506,47.20%
Z257-2x1,246,272,Ear,R96B12,2020,E,518,47.50%
Z2x251-2,233,291,Pollen,R96B12,2020,F,524,44.50%
Z257-1x1,283,252,Ear,R96B12,2020,E,535,52.90%
A277-3x102,314,279,Ear,R96B12,2021,E,593,53.00%
Z2x233A-3_m3,41,55,Pollen,R96C12,2020,F,96,42.70%
Y223-2x1,71,60,Ear,R96C12,2019,F,131,54.20%
Z1x81-6_m3,72,73,Pollen,R96C12,2020,E,145,49.70%
Z1x81-6_m2,115,76,Pollen,R96C12,2020,E,191,60.20%
Y1x268-2m2,102,90,Pollen,R96C12,2019,E,192,53.10%
Z2x233A-3_m2,92,119,Pollen,R96C12,2020,E,211,43.60%
Z2x234A-6_m3,116,97,Pollen,R96C12,2020,E,213,54.50%
Y1x268-2m1,103,121,Pollen,R96C12,2019,E,224,46.00%
A102x256B-3,94,154,Pollen,R96C12,2021,F,248,37.90%
B2x755-7_m1,129,123,Pollen,R96C12,2022,E,252,51.20%
Z2x81-6_m2,109,145,Pollen,R96C12,2020,F,254,42.90%
Y2x223-3,115,145,Pollen,R96C12,2019,E,260,44.20%
Z2x233A-8_m4,115,155,Pollen,R96C12,2020,E,270,42.60%
Y223-4x1,141,133,Ear,R96C12,2019,E,274,51.50%
B2x755-3_m1,123,151,Pollen,R96C12,2022,E,274,44.90%
Z2x81-2_m2,146,135,Pollen,R96C12,2020,E,281,52.00%
A102x30-1,153,137,Pollen,R96C12,2021,E,290,52.80%
Z2x233A-3_m1,106,186,Pollen,R96C12,2020,E,292,36.30%
Z2x233A-8_m1,124,169,Pollen,R96C12,2020,E,293,42.30%
A102x257B-1,158,138,Pollen,R96C12,2021,E,296,53.40%
A102x30-4,152,157,Pollen,R96C12,2021,E,309,49.20%
Z81-2x1,154,165,Ear,R96C12,2020,E,319,48.30%
Z2x232A-1_NEW,154,167,Pollen,R96C12,2020,E,321,48.00%
A102x30-5,140,185,Pollen,R96C12,2021,E,325,43.10%
Y2x223-2,154,172,Pollen,R96C12,2019,E,326,47.20%
Z2x233A-8_m3,162,165,Pollen,R96C12,2020,E,327,49.50%
B2x567-3_m1,166,168,Pollen,R96C12,2022,E,334,49.70%
Y2x268-1,177,164,Pollen,R96C12,2019,F,341,51.90%
Y2x223-5,159,190,Pollen,R96C12,2019,F,349,45.60%
Y2x223-1,171,179,Pollen,R96C12,2019,F,350,48.90%
Z81-1x1,180,171,Ear,R96C12,2020,E,351,51.30%
Z2x81-6_m3,196,160,Pollen,R96C12,2020,E,356,55.10%
B567-3x2,192,174,Ear,R96C12,2022,E,366,52.50%
Z233A-3x1_NEW,172,200,Ear,R96C12,2020,E,372,46.20%
Y2x223-4,63,314,Pollen,R96C12,2019,F,377,16.70%
Z234A-1x1_NEW,192,188,Ear,R96C12,2020,E,380,50.50%
Z81-3x1,200,192,Ear,R96C12,2020,E,392,51.00%
Z81-6x1_NEW,207,192,Ear,R96C12,2020,E,399,51.90%
Z81-4x1,207,196,Ear,R96C12,2020,E,403,51.40%
Z2x232A-2,150,259,Pollen,R96C12,2020,F,409,36.70%
Y223-1x1,205,205,Ear,R96C12,2019,F,410,50.00%
Z2x232A-3,240,178,Pollen,R96C12,2020,E,418,57.40%
Z2x81-2_m1,171,250,Pollen,R96C12,2020,E,421,40.60%
Z1x81-6_m1,228,195,Pollen,R96C12,2020,E,423,53.90%
Z2x81-6_m1,232,191,Pollen,R96C12,2020,E,423,54.80%
A30-4x102,208,219,Ear,R96C12,2021,E,427,48.70%
Y223-5x1,217,219,Ear,R96C12,2019,E,436,49.80%
Y223-3x1,245,199,Ear,R96C12,2019,E,444,55.20%
Z2x234A-2_m1,144,308,Pollen,R96C12,2020,E,452,31.90%
A102x258-3,232,220,Pollen,R96C12,2021,F,452,51.30%
A30-1x102,213,243,Ear,R96C12,2021,E,456,46.70%
B755-7x2,226,286,Ear,R96C12,2022,E,512,44.10%
A30-5x102,260,264,Ear,R96C12,2021,E,524,49.60%
Z2x234A-6_m1,254,315,Pollen,R96C12,2020,E,569,44.60%
Y2x58-4m1,110,121,Pollen,R99B02,2019,E,231,47.60%
Y2x58-3,118,122,Pollen,R99B02,2019,E,240,49.20%
X485-5x402,135,136,Ear,R99B02,2018,E,271,49.80%
X485L-3x402,137,147,Ear,R99B02,2018,E,284,48.20%
X400x485L-3m2,137,157,Pollen,R99B02,2018,E,294,46.60%
X400x485L-3m1,148,147,Pollen,R99B02,2018,E,295,50.20%
Y2x58-4m2,170,195,Pollen,R99B02,2019,E,365,46.60%
X485-3x402,189,185,Ear,R99B02,2018,E,374,50.50%
X400x485-5m1,192,188,Pollen,R99B02,2018,E,380,50.50%
X401x485-3m1,182,200,Pollen,R99B02,2018,E,382,47.60%
Y58-2x1,221,184,Ear,R99B02,2019,E,405,54.60%
X401x485-1m1,215,209,Pollen,R99B02,2018,E,424,50.70%
Y58-3x1,240,222,Ear,R99B02,2019,E,462,51.90%
Y2x58-2,243,234,Pollen,R99B02,2019,E,477,50.90%
Y58-4x1,275,270,Ear,R99B02,2019,E,545,50.50%
X402x485-5m2,272,274,Pollen,R99B02,2018,E,546,49.80%
Y58-1x1,277,278,Ear,R99B02,2019,E,555,49.90%
